sid,source_db,title,doi,pmid,year,publication_type,decision,exclusion_criterion,note
X001,Europe PMC,ClassPass Memberships to Improve Well-Being Among Psychiatry Residents: A Pilot Randomized Controlled Trial.,10.1007/s40596-026-02384-y,42362858,2026,brief-report;Randomized Controlled Trial;Journal Article,excluded,DIGITAL,Commercial fitness platform used through a mobile app to book mostly in-person classes and gym visits; no digitally delivered intervention content reported (full text)
X002,Europe PMC,Group-based trajectory modelling of multiple health outcomes in a cost-consequence framework: a randomized controlled trial of a remote person-centred care intervention for people with common mental disorders in Sweden.,10.1186/s41687-026-01043-y,41860652,2026,research-article;Randomized Controlled Trial;Journal Article,excluded at screening,,Reviewer: outside scope on title/abstract
X003,Europe PMC,Individual and joint associations of smartphone addiction and work duration with job burnout in nursing interns: a multicenter cross-sectional study.,10.1186/s12912-026-04681-1,42046072,2026,research-article;Journal Article,excluded at screening,,no randomized allocation
X004,Europe PMC,The effect of virtual reality technology on the intervention of mental health problems among healthcare workers: a systematic review.,10.3389/fpubh.2026.1735214,42040081,2026,Systematic Review;systematic-review;Journal Article,excluded at screening,,non-article publication type
X005,Europe PMC,Sleep and workload mediate the relationship between digital engagement and burnout: a national cross-sectional study of university faculty in India.,10.1186/s13690-026-01954-8,42152138,2026,research-article;Journal Article,excluded at screening,,no randomized allocation
X006,Europe PMC,Digital burnout in nursing: development of a valid and reliable scale to assess digital burnout associated with the digitalization process in nursing.,10.1186/s12912-026-04792-9,42174631,2026,research-article;Journal Article,excluded at screening,,no randomized allocation
X007,Europe PMC,"Educator Distress Post-COVID: Associations with Educator Characteristics, Family Income, Work Intentions, and Job Satisfaction",10.31234/osf.io/k4ynw_v2,,2026,Preprint,excluded at screening,,Reviewer: outside scope on title/abstract
X008,Europe PMC,Pragmatic Parental Support to Mitigate Burnout Among Pregnant and Postpartum Trainees: A Randomized Clinical Trial.,10.1001/jama.2026.5663,42126852,2026,Multicenter Study;Randomized Controlled Trial;Pragmatic Clinical Trial;Journal Article,excluded,DIGITAL,"Parental support package (smart bassinet, wearable breast pump, faculty mentorship, virtual perinatal support); only the virtual support was digital and it was not the core component"
X009,Europe PMC,Investigating the Impact of a Virtual Reality Experience on Medical Student Empathy: Mixed Methods Study.,10.2196/76504,41637473,2026,research-article;Randomized Controlled Trial;Journal Article,excluded at screening,,Reviewer: outside scope on title/abstract
X010,Europe PMC,Cost-Effective Quality of Life Improvement While Reducing Health Care Professional Burnout With an AI-Driven Intervention for Personalized Medicine.,10.1177/19322968241310879,39882769,2026,research-article;Multicenter Study;Randomized Controlled Trial;Journal Article,excluded,REPORT,Within-trial economic secondary analysis
X011,Europe PMC,The effect of a trauma-informed care video training program for midwives: A randomized controlled trial.,10.1016/j.wombi.2025.102115,41066893,2025,Randomized Controlled Trial;Journal Article,included,,Video-based trauma-informed care training for midwives; PFI burnout secondary
X012,Europe PMC,"Multicentre pragmatic randomised controlled feasibility trial of fertiShare, a brief eLearning course to increase fertility staff performance when sharing bad news with their patients - a protocol.",10.1136/bmjopen-2025-101269,40854842,2025,Clinical Trial Protocol;research-article;Journal Article,excluded at screening,,protocol
X013,Europe PMC,Effectiveness of a person-centred eHealth intervention in reducing symptoms of burnout in patients with common mental disorders - secondary outcome analysis of a randomized controlled trial.,10.1186/s12875-023-02172-9,37858032,2023,"Research Support, Non-U.S. Gov't;research-article;Randomized Controlled Trial;Journal Article",excluded at screening,,Reviewer: outside scope on title/abstract
X014,Europe PMC,Effect of video-based trauma-informed care training for psychiatric nurses: A nonrandomized controlled trial.,10.1002/pcn5.70052,39816448,2025,research-article;Journal Article,excluded at screening,,Reviewer: outside scope on title/abstract
X015,Europe PMC,Understanding burnout and engagement during medical residency: a multifactorial and longitudinal approach.,10.1186/s12909-026-09568-y,42216171,2026,research-article;Journal Article,excluded at screening,,no randomized allocation
X016,Europe PMC,Intervention to reduce barriers to type 1 diabetes self-management: Diabetes Journey study design and participant characteristics.,10.1016/j.cct.2025.107849,39986651,2025,"Clinical Trial Protocol;research-article;Journal Article;Research Support, N.I.H., Extramural",excluded at screening,,Reviewer: outside scope on title/abstract
X017,Europe PMC,Co-Designing the PATH Harm Reduction Training for the Peer Workforce: A Community-Based Participatory Approach,10.21203/rs.3.rs-8138704/v1,,2025,Preprint,excluded at screening,,no randomized allocation
X018,Europe PMC,Pre-diabetes virtual health management community (VHMC) intervention and group interaction management model in China: a randomised clinical trial protocol.,10.1136/bmjopen-2024-086268,39725431,2024,Clinical Trial Protocol;research-article;Journal Article,excluded at screening,,protocol
X019,Europe PMC,"Impact of Prescribed and Self-Selected Music Interventions on Stress, Sleep, Heart Rate Variability, and Brain Connectivity in Surgeons Using 7-Tesla Functional Magnetic Resonance Imaging and Wearable Actigraphy: Multimodal Feasibility Randomized Controlled Trial.",10.2196/84899,42061859,2026,"Research Support, Non-U.S. Gov't;research-article;Randomized Controlled Trial;Journal Article",excluded,DIGITAL,Digital delivery not described; wearables used for assessment only
X020,Europe PMC,Interaction between mental and cardiometabolic health in relation to telomere length among university staff in Australia.,10.1016/j.exger.2026.113255,42526543,2026,Journal Article,excluded at screening,,no randomized allocation
X021,Europe PMC,"Association between medical school expectations, professional fulfillment, and mental health among medical students: a mixed-methods study.",10.1186/s12909-026-08824-5,41761139,2026,research-article;Journal Article,excluded at screening,,no randomized allocation
X022,Europe PMC,Precision targeting of teacher burnout using network-informed ecological momentary interventions.,10.1016/j.actpsy.2026.107537,42600454,2026,Multicenter Study;Randomized Controlled Trial;Journal Article,included,,"Included by decision: cluster-randomised trial of network-informed micro-interventions in teachers; burnout dimensions (exhaustion, detachment, efficacy) measured by EMA and analysed as a composite"
X023,Europe PMC,The mediating role of digital fatigue in the effect of job satisfaction on motivation among Turkish nurses.,10.1186/s12912-026-04502-5,41772589,2026,research-article;Journal Article,excluded at screening,,no randomized allocation
X024,Europe PMC,A study protocol for the modified interactive screening program plus MINDBODYSTRONG© RCT: A mental health resiliency intervention for nurses.,10.1371/journal.pone.0303425,38843149,2024,"Clinical Trial Protocol;Research Support, Non-U.S. Gov't;research-article;Journal Article",excluded at screening,,protocol
X025,Europe PMC,What matters most? Identifying key resource gain and loss factors affecting nurses' work engagement and job burnout in digital healthcare contexts.,10.1186/s12912-025-03586-9,40730986,2025,research-article;Journal Article,excluded at screening,,no randomized allocation
X026,Europe PMC,Mixed methods evaluation of using the ‘EMPathicO’ communication skills e-learning in primary care: “  <i>a super weapon to make the whole experience a bit better”</i>,10.1101/2025.04.10.25325587,,2025,Preprint,excluded at screening,,Reviewer: outside scope on title/abstract
X027,Europe PMC,A Randomized-Clinical Trial of Two Ambient Artificial Intelligence Scribes: Measuring Documentation Efficiency and Physician Burnout,10.1101/2025.07.10.25331333,,2025,Preprint,excluded,REPORT,"Preprint superseded by the peer-reviewed report of the same trial (Ambient AI Scribes in Clinical Practice, NEJM AI 2025)"
X028,Europe PMC,Randomized Controlled Trial of a Web-Based Intervention to Disseminate Clinical Practice Guidelines for Posttraumatic Stress Disorder: The PTSD Clinicians Exchange.,10.1002/jts.22483,32103542,2020,"Randomized Controlled Trial;Research Support, U.S. Gov't, Non-P.H.S.;Journal Article",excluded,BURNOUT,Outcome was guideline familiarity
X029,Europe PMC,"[Real-time experiences, physical activity, and biological outcomes in the personal recovery of patients in mental health supported accommodations: a non-randomized multicenter clinical trial.]",10.1708/4641.46508,41665894,2026,Clinical Trial;Multicenter Study;Journal Article;English Abstract,excluded at screening,,Reviewer: outside scope on title/abstract
X030,Europe PMC,Usability and Credibility of a COVID-19 Vaccine Chatbot for Young Adults and Health Workers in the United States: Formative Mixed Methods Study.,10.2196/40533,36409300,2023,research-article;Journal Article,excluded at screening,,Reviewer: outside scope on title/abstract
X031,Europe PMC,Ambient AI Scribes in Clinical Practice: A Randomized Trial.,10.1056/aioa2501000,41497288,2025,research-article;Journal Article,included,,Pragmatic RCT of two ambient AI scribes vs usual care; PFI work exhaustion
X032,Europe PMC,Tree: Reducing the use of restrictive practices on psychiatric wards through virtual reality immersive technology training.,10.5498/wjp.v14.i10.1521,39474389,2024,Clinical Trial;research-article;Journal Article,excluded at screening,,Reviewer: outside scope on title/abstract
X033,Europe PMC,Change fatigue profiles of clinical nurses and their associations with perceived organizational support and self-efficacy: A latent profile analysis.,10.1186/s12912-026-04547-6,41877104,2026,research-article;Journal Article,excluded at screening,,no randomized allocation
X034,Europe PMC,TrailMap: Pheromone-Based Adaptive Peer Matching for Sustainable Online Support Communities.,10.3390/biomimetics10100658,41149188,2025,research-article;Journal Article,excluded at screening,,Reviewer: outside scope on title/abstract
X035,Europe PMC,"Staff shortages linked to burnout, depression, and anxiety among outpatient nurses: a cross-sectional analysis at Hamad General Hospital, Qatar.",10.1186/s12912-025-03758-7,40859218,2025,research-article;Journal Article,excluded at screening,,no randomized allocation
X036,Europe PMC,Impact of an ambient digital scribe on typing and note quality: the AutoscriberValidate study,10.64898/2026.02.19.26346634,,2026,Preprint,excluded,BURNOUT,Outcomes were typing workload and note quality
X037,Europe PMC,Comparing Physician and Artificial Intelligence Chatbot Responses to Patient Questions Posted to a Public Social Media Forum.,10.1001/jamainternmed.2023.1838,37115527,2023,"Research Support, Non-U.S. Gov't;research-article;Journal Article;Research Support, N.I.H., Extramural",excluded at screening,,Reviewer: outside scope on title/abstract
X038,Europe PMC,The effect of an app-based health intervention on somatic symptoms among employees of the DHL Group: a longitudinal pilot study.,10.1007/s00420-025-02145-8,40531320,2025,"Research Support, Non-U.S. Gov't;research-article;Journal Article",excluded,DESIGN,Single-group longitudinal pilot
X039,Europe PMC,Impact of Evidence-Based Quality Improvement on Tailoring VA's Patient-Centered Medical Home Model to Women Veterans' Needs.,10.1007/s11606-024-08647-4,38424344,2024,"Research Support, U.S. Gov't, P.H.S.;research-article;Randomized Controlled Trial;Journal Article",excluded at screening,,Reviewer: outside scope on title/abstract
X040,Europe PMC,Round34: Attending-Moderated Tabletop Gameplay to Enhance Resident Team Dynamics During Inpatient Rounds.,10.4300/jgme-d-25-00606.1,41694777,2026,research-article;Randomized Controlled Trial;Journal Article,excluded at screening,,Reviewer: outside scope on title/abstract
X041,Europe PMC,The I-Learn Cognition and Behavior program for non-pharmacological treatment of agitation in nursing home residents with neurocognitive disorders: A cluster randomized trial.,10.1002/trc2.70232,41970152,2026,research-article;Journal Article,excluded at screening,,Reviewer: outside scope on title/abstract
X042,Europe PMC,"Ambient Documentation Systems in Emergency Medicine: A Scoping Review of Clinical Precision, Patient Experience, Throughput, and Quality.",10.7759/cureus.106643,42110031,2026,review-article;Review;Journal Article,excluded at screening,,non-article publication type
X043,Europe PMC,Evaluating the impact of Apollo Neuro™ wearable on wellbeing in medical and pharmacy students: A preliminary prospective randomized controlled study.,10.1016/j.amjmed.2025.07.045,40816518,2025,Randomized Controlled Trial;Journal Article,excluded at screening,,Reviewer: outside scope on title/abstract
X044,Europe PMC,Occupational burnout and their determinants among schoolteachers in Nepal: a cross-sectional study.,10.1186/s12888-024-05923-9,38937696,2024,research-article;Journal Article,excluded at screening,,no randomized allocation
X045,Europe PMC,"Impact of exercise training and diet therapy on the physical fitness, quality of life, and immune response of people living with HIV/AIDS: a randomized controlled trial.",10.1186/s12889-024-17700-0,38448851,2024,"Research Support, Non-U.S. Gov't;research-article;Randomized Controlled Trial;Journal Article",excluded at screening,,Reviewer: outside scope on title/abstract
X046,Europe PMC,Investigating the Feasibility of Using a Wearable Device to Measure Physiologic Health Data in Emergency Nurses and Residents: Observational Cohort Study.,10.2196/51569,38386373,2024,research-article;Journal Article,excluded at screening,,Reviewer: outside scope on title/abstract
X047,Europe PMC,Application of artificial intelligence tools and clinical documentation burden: a systematic review and meta-analysis.,10.1186/s12911-025-03324-w,41444884,2025,Meta-Analysis;research-article;Systematic Review;Journal Article,excluded at screening,,non-article publication type
X048,Europe PMC,TREE: Reducing the Use of REstrictive Practices on Psychiatric Wards through Virtual REality Immersive Technology Training,10.20944/preprints202311.0704.v1,,2023,Preprint,excluded at screening,,Reviewer: outside scope on title/abstract
X049,Europe PMC,"Effect of Multi-Antioxidant Supplement on Lipid Profile, Occupational Fatigue, Work Stress, and Hair Cortisol in Administrative Workers with and Without Obesity: A Quasi-Experimental Pilot Study.",10.3390/healthcare14091166,42121609,2026,research-article;Journal Article,excluded at screening,,Reviewer: outside scope on title/abstract
X050,Europe PMC,Exploring the link between physical activity and professional quality of life among nurses: a cross-sectional study in Qatar.,10.1186/s12912-025-02967-4,40140798,2025,research-article;Journal Article,excluded at screening,,no randomized allocation
X051,Europe PMC,Gamification as an entrepreneur well-being intervention: A study protocol for a single-blinded randomised controlled trial,10.21203/rs.3.pex-1323/v1,,2021,Preprint,excluded at screening,,protocol
X052,Europe PMC,The Feasibility and Impact of an Asynchronous Interprofessional Well-Being Course on Burnout in Health Care Professionals.,10.36518/2689-0216.1778,39015589,2024,research-article;Journal Article,included,,Asynchronous online well-being course for health professionals vs waitlist; MBI
X053,Europe PMC,Association of support group leader experience with Scleroderma Patient-centered Intervention Network Support group Leader EDucation Program outcomes: Secondary analysis of a two-arm parallel partially nested randomized controlled trial.,10.1177/23971983241272742,39552943,2025,research-article;Journal Article,excluded at screening,,Reviewer: outside scope on title/abstract
X054,Europe PMC,The effectiveness of a serious game to enhance empathy for care workers for people with disabilities: A parallel randomized controlled trial.,10.1016/j.dhjo.2018.03.003,29650348,2018,Journal Article,excluded,BURNOUT,Outcomes were empathy and personal distress
X055,Europe PMC,Impact of WeChat-based 'three good things' on turnover intention and coping style in burnout nurses.,10.1111/jonm.13111,32726873,2020,Randomized Controlled Trial;Journal Article,excluded,BURNOUT,Outcomes were turnover intention and coping style
X056,Europe PMC,From depletion to distress: identifying the nonlinear relationship and core intervention target through computational simulation modelling between compassion fatigue and moral distress among ICU nurses: a cross-sectional study.,10.1186/s12912-025-04196-1,41345938,2025,research-article;Journal Article,excluded at screening,,no randomized allocation
X057,Europe PMC,Impact of SARS-Cov-2 on Clinical Trial Unit Workforce in the United Kingdom: An Observational Study,10.20944/preprints202303.0020.v1,,2023,Preprint,excluded at screening,,no randomized allocation
X058,Europe PMC,"A WeChat-based ""Three Good Things"" positive psychotherapy for the improvement of job performance and self-efficacy in nurses with burnout symptoms: A randomized controlled trial.",10.1111/jonm.12927,31811737,2020,Randomized Controlled Trial;Journal Article,excluded,BURNOUT,Outcomes were job performance and self-efficacy
X059,Europe PMC,Exploration of Lived Experiences and Measurement of Burnout Among US Clinical Research Nurses.,10.1097/nna.0000000000001280,37098864,2023,Journal Article,excluded at screening,,no randomized allocation
X060,Europe PMC,Effects of the mental health promotion seminar 'Coping with stress' in the undergraduate medical curriculum of the Medical University of Vienna.,10.1186/s12909-023-05019-0,38191363,2024,research-article;Journal Article,excluded at screening,,no randomized allocation
X061,Europe PMC,"Effects of 12 Weeks of At-Home, App-Based Exercise on Healthcare Workers’ Depressive Symptoms, Burnout, and Absenteeism: A Randomised Controlled Trial",10.2139/ssrn.4356796,,2023,Preprint,excluded at screening,,Reviewer: outside scope on title/abstract
X062,Europe PMC,"The Influence of Artificial Intelligence Scribes on Clinician Experience and Efficiency among Pediatric Subspecialists: A Rapid, Randomized Quality Improvement Trial.",10.1055/a-2657-8087,40675605,2025,"Research Support, Non-U.S. Gov't;research-article;Randomized Controlled Trial;Journal Article",included,,Randomized quality-improvement trial of an ambient AI scribe; single-item burnout
X063,Europe PMC,Impact of SARS-Cov-2 on Clinical Trial Unit workforce in the United Kingdom; An observational study,10.1101/2022.06.30.22277052,,2022,Preprint,excluded at screening,,no randomized allocation
X064,Europe PMC,Broadening the Understanding of Medical Students' Discussion of Radiology Online: A Social Listening Study of Reddit.,10.1067/j.cpradiol.2023.04.003,37179205,2023,Journal Article,excluded at screening,,Reviewer: outside scope on title/abstract
X065,Europe PMC,Subjective and objective burden on providers from a multicenter app-based study of patients with cirrhosis and caregivers.,10.1097/hc9.0000000000000030,36706194,2023,"Research Support, U.S. Gov't, P.H.S.;research-article;Multicenter Study;Randomized Controlled Trial;Journal Article",excluded at screening,,Reviewer: outside scope on title/abstract
X066,Europe PMC,Online Modules to Alleviate Burnout and Related Symptoms Among Interdisciplinary Staff in Long-Term Care: A Pre-post Feasibility Study.,10.1177/10499091231174448,37163580,2024,research-article;Journal Article,excluded at screening,,Reviewer: outside scope on title/abstract
X067,Europe PMC,"Enhancing palliative care in intensive care units: protocol of EPIC, a controlled, cluster-randomised, non-blinded stepped-wedge design trial with crossover phase.",10.1136/bmjopen-2025-108168,41702660,2026,Clinical Trial Protocol;research-article;Journal Article,excluded at screening,,protocol
X068,Europe PMC,Burnout: Can yoga help you cope? IQWiG Reports – Commission No. HT21-02,,38635796,2024,Review,excluded at screening,,non-article publication type
X069,Europe PMC,Evaluating the performance of artificial intelligence-based speech recognition for clinical documentation: a systematic review.,10.1186/s12911-025-03061-0,40598136,2025,Systematic Review;review-article;Journal Article,excluded at screening,,non-article publication type
X070,Europe PMC,Effect of Virtual Nursing Implementation on Emergency Department Efficiency and Quality of Care.,10.1016/j.ajem.2025.02.024,39987629,2025,"Research Support, U.S. Gov't, P.H.S.;Research Support, Non-U.S. Gov't;research-article;Journal Article;Research Support, N.I.H., Extramural",excluded at screening,,Reviewer: outside scope on title/abstract
X071,Europe PMC,"Effects of different intervention methods on psychological anxiety, stress, and fatigue among healthcare workers during COVID-19 pandemic: a systematic review and meta-analysis.",10.26355/eurrev_202402_35491,38436194,2024,Meta-Analysis;Systematic Review;Journal Article,excluded at screening,,non-article publication type
X072,Europe PMC,Effects of a support group leader education program jointly developed by health professionals and patients on peer leader self-efficacy among leaders of scleroderma support groups: a two-arm parallel partially nested randomised controlled trial.,10.1186/s13023-022-02552-x,36307891,2022,"Research Support, Non-U.S. Gov't;research-article;Randomized Controlled Trial;Pragmatic Clinical Trial;Journal Article",excluded at screening,,Reviewer: outside scope on title/abstract
X073,Europe PMC,Impact of the COVID-19 Pandemic on Veterans Health Administration Sleep Services: A Comparative Survey Study,10.21203/rs.3.rs-1489053/v1,,2022,Preprint,excluded at screening,,no randomized allocation
X074,Europe PMC,Aromatherapy Experiences of Intensive Care Nurses Regarding Sleep and Fatigue: A Phenomenological Study.,10.1111/nicc.70305,41416440,2026,Journal Article,excluded at screening,,Reviewer: outside scope on title/abstract
X075,Europe PMC,Physicians' satisfaction with providing buprenorphine treatment.,10.1186/s13722-019-0163-3,31446893,2019,"research-article;Multicenter Study;Randomized Controlled Trial;Journal Article;Research Support, N.I.H., Extramural",excluded at screening,,Reviewer: outside scope on title/abstract
X076,Europe PMC,"Wearables in Healthcare Organizations: Implications for Occupational Health, Organizational Performance, and Economic Outcomes.",10.3390/healthcare13182289,41008421,2025,review-article;Review;Journal Article,excluded at screening,,non-article publication type
X077,Europe PMC,"Virtual reality during work breaks to reduce fatigue of intensive unit caregivers: A crossover, pilot, randomised trial.",10.1016/j.aucc.2022.01.009,35246356,2023,Randomized Controlled Trial;Journal Article,excluded,BURNOUT,"Outcomes were stress, anxiety and fatigue during breaks"
X078,Europe PMC,Effects of a co-created occupational health intervention on stress and psychosocial working conditions within the construction industry: A controlled trial.,10.3389/fpubh.2022.973890,36211695,2022,"Research Support, Non-U.S. Gov't;research-article;Randomized Controlled Trial;Journal Article",excluded at screening,,no randomized allocation
X079,Europe PMC,The application of the spot the difference teaching method in clinical skills training for residents.,10.1186/s12909-022-03612-3,35836172,2022,research-article;Journal Article,excluded at screening,,Reviewer: outside scope on title/abstract
X080,Europe PMC,Delivering Biopsychosocial Health Care Within Routine Care: Spotlight-AQ Pivotal Multicenter Randomized Controlled Trial Results.,10.1177/19322968231183436,37350136,2025,research-article;Multicenter Study;Randomized Controlled Trial;Journal Article,excluded,POP,Patients randomized; clinician burnout not a randomized comparison
X081,Europe PMC,Protocol for a partially nested randomized controlled trial to evaluate the effectiveness of the Scleroderma Patient-centered Intervention Network Support Group Leader EDucation (SPIN-SSLED) Program.,10.1186/s13063-019-3747-z,31831073,2019,Clinical Trial Protocol;research-article;Journal Article,excluded at screening,,protocol
X082,Europe PMC,"Health worker education during the COVID-19 pandemic: global disruption, responses and lessons for the future-a systematic review and meta-analysis.",10.1186/s12960-023-00799-4,36829158,2023,"Meta-Analysis;Research Support, Non-U.S. Gov't;Systematic Review;review-article;Journal Article",excluded at screening,,non-article publication type
X083,Europe PMC,Mitigating the stress of transition: An exploration of the effects and effectiveness of a preparatory course for junior obstetric trainees transitioning to senior training roles.,10.1016/j.ejogrb.2022.07.019,35914418,2022,Randomized Controlled Trial;Journal Article,included,,Cluster-randomized flipped-classroom course (online learning + simulation); MBI primary
X084,Europe PMC,"""Workplace Physical Activity Program"" (WOPAP) study protocol: a four-arm randomized controlled trial on preventing burnout and promoting vigor.",10.1186/s12889-019-6598-3,30866886,2019,Clinical Trial Protocol;research-article;Journal Article,excluded at screening,,protocol
X085,Europe PMC,Improving patient and clinician safety during COVID-19 through rapidly adaptive simulation and a randomised controlled trial: a study protocol.,10.1136/bmjopen-2021-058980,35589358,2022,"Clinical Trial Protocol;research-article;Journal Article;Research Support, N.I.H., Extramural",excluded at screening,,protocol
X086,Europe PMC,Effect of Serial Anthropometric Measurements and Motivational Text Messages on Weight Reduction Among Workers: Pilot Randomized Controlled Trial.,10.2196/11832,31017585,2019,"Research Support, Non-U.S. Gov't;research-article;Randomized Controlled Trial;Journal Article",excluded,BURNOUT,Weight-reduction intervention; burnout was a secondary measure unrelated to the aim of the intervention
X087,Europe PMC,Implementation of family psychosocial risk assessment in pediatric cancer with the Psychosocial Assessment Tool (PAT): study protocol for a cluster-randomized comparative effectiveness trial.,10.1186/s13012-020-01023-w,32727493,2020,"Clinical Trial Protocol;Research Support, Non-U.S. Gov't;research-article;Journal Article",excluded at screening,,protocol
X088,Europe PMC,Implementation of family psychosocial risk assessment in pediatric cancer with the Psychosocial Assessment Tool (PAT): Study protocol for a cluster randomized comparative effectiveness trial,10.21203/rs.3.rs-38392/v2,,2020,Preprint,excluded at screening,,protocol
X089,Europe PMC,The Use of Online Physician Training Can Improve Patient Experience and Physician Burnout.,10.1177/1062860619869833,31470735,2020,Randomized Controlled Trial;Journal Article,included,,24-week online communication training for physicians; burnout surveys
X090,Europe PMC,Burnout in the emergency department: Randomized controlled trial of an attention-based training program.,10.1016/j.joim.2019.03.009,30956141,2019,Randomized Controlled Trial;Journal Article,excluded,DIGITAL,In-person training; app and wearable used only to monitor practice
X091,Europe PMC,Treatment Decision Making for Older Kidney Patients during COVID-19.,10.2215/cjn.13241021,35672037,2022,"Research Support, Non-U.S. Gov't;research-article;Randomized Controlled Trial;Journal Article;Research Support, N.I.H., Extramural",excluded at screening,,no randomized allocation
X092,Europe PMC,Recruiting experiences of NIH-funded principal investigators for community-based health behavior interventions during the COVID-19 pandemic.,10.1016/j.cct.2023.107271,37354992,2023,"research-article;Journal Article;Research Support, N.I.H., Extramural",excluded at screening,,Reviewer: outside scope on title/abstract
X093,Europe PMC,Technological innovations in clinical assessment and psychotherapy.,10.1159/000087780,16244509,2005,Review;Journal Article,excluded at screening,,non-article publication type
X094,Europe PMC,Effect of a Workshop to Break the Bias Habit for Internal Medicine Faculty: A Multisite Cluster Randomized Controlled Study.,10.1097/acm.0000000000005271,37756500,2023,"Research Support, Non-U.S. Gov't;research-article;Randomized Controlled Trial;Journal Article;Research Support, N.I.H., Extramural",excluded at screening,,Reviewer: outside scope on title/abstract
X095,Europe PMC,Scleroderma Patient-centered Intervention Network-Scleroderma Support group Leader EDucation (SPIN-SSLED) program: non-randomised feasibility trial.,10.1136/bmjopen-2019-029935,31719073,2019,"Research Support, Non-U.S. Gov't;research-article;Journal Article",excluded at screening,,Reviewer: outside scope on title/abstract
X096,Europe PMC,The Effectiveness of a Stress Reduction and Burnout Prevention Program.,10.3238/arztebl.2016.0781,27989278,2016,research-article;Randomized Controlled Trial;Journal Article,excluded,DIGITAL,In-person health-resort programme
X097,Europe PMC,Investigating How Auditory and Visual Stimuli Promote Recovery After Stress With Potential Applications for Workplace Stress and Burnout: Protocol for a Randomized Trial.,10.3389/fpsyg.2022.897241,35719506,2022,methods-article;Journal Article,excluded at screening,,protocol
X098,Europe PMC,Brief Yoga Intervention for Dental and Dental Hygiene Students: A Feasibility and Acceptability Study.,10.1177/2515690x19855303,31204485,2019,research-article;Journal Article,excluded at screening,,Reviewer: outside scope on title/abstract
X099,Europe PMC,Internet-based rehabilitation for individuals with chronic pain and burnout: a randomized trial.,10.1097/01.mrr.0000210055.17291.f5,16900043,2006,"Research Support, Non-U.S. Gov't;Randomized Controlled Trial;Journal Article",included,,Included by decision: internet rehabilitation course vs waiting list for people on sick leave with chronic pain or burnout; employment status per protocol definition; burnout outcome not visible in the abstract (full text requested)
X100,Europe PMC,How junior doctors perceive personalised yoga and group exercise in the management of occupational and traumatic stressors.,10.1136/postgradmedj-2020-139191,33688068,2022,Randomized Controlled Trial;Journal Article,excluded at screening,,Reviewer: outside scope on title/abstract
X101,Europe PMC,Effects of single moor baths on physiological stress response and psychological state: a pilot study.,10.1007/s00484-017-1385-2,28634659,2017,Randomized Controlled Trial;Journal Article,excluded at screening,,Reviewer: outside scope on title/abstract
X102,Europe PMC,Predictive factors of quality of life among medical students: results from a multicentric study.,10.1186/s40359-021-00534-5,33632321,2021,research-article;Multicenter Study;Journal Article,excluded at screening,,Reviewer: outside scope on title/abstract
X103,Europe PMC,"A randomised, double-blind, placebo-controlled, parallel-group study of the standardised extract shr-5 of the roots of Rhodiola rosea in the treatment of subjects with stress-related fatigue.",10.1055/s-0028-1088346,19016404,2009,"Clinical Trial, Phase III;Research Support, Non-U.S. Gov't;Randomized Controlled Trial;Journal Article",excluded at screening,,Reviewer: outside scope on title/abstract
X104,Europe PMC,[Effectiveness of a stretching program on anxiety levels of workers in a logistic platform: a randomized controlled study].,10.1016/j.aprim.2013.03.002,23764394,2013,"Research Support, Non-U.S. Gov't;research-article;Randomized Controlled Trial;Journal Article;English Abstract",excluded,DIGITAL,In-person stretching programme
X105,OpenAlex,Physician Burnout in the Electronic Health Record Era: Are We Ignoring the Real Cause?,10.7326/m18-0139,29801050,2018,editorial,excluded at screening,,non-article publication type
X106,OpenAlex,Association of Physician Burnout With Suicidal Ideation and Medical Errors,10.1001/jamanetworkopen.2020.28780,33295977,2020,article,excluded at screening,,no randomized allocation
X107,OpenAlex,‘Interapy’ Burn-out: Prävention und Behandlung von Burn-out über das Internet,10.1159/000080915,,2004,article,included,,Therapist-guided internet treatment of work-related burnout vs psychoeducation
X108,OpenAlex,The Potential Impact of Intelligent Systems for Mobile Health Self-Management Support: Monte Carlo Simulations of Text Message Support for Medication Adherence,10.1007/s12160-014-9634-7,25082177,2014,article,excluded at screening,,no randomized allocation
X109,OpenAlex,Implementing Telemedicine in Response to the COVID-19 Pandemic,10.1097/ju.0000000000001033,32249678,2020,editorial,excluded at screening,,non-article publication type
X110,OpenAlex,Wearable Technologies for Detecting Burnout and Well-Being in Health Care Professionals: Scoping Review,10.2196/50253,38916948,2024,article,excluded at screening,,review
X111,OpenAlex,"Healthcare worker stress, anxiety and burnout during the COVID-19 pandemic in Singapore: A 6-month multi-centre prospective study",10.1371/journal.pone.0258866,34679110,2021,article,excluded at screening,,no randomized allocation
X112,OpenAlex,The Use of Text Messaging for the Improvement of Occupational Health among Nurses in an Intensive Care Unit: a Clinical Trial,10.1007/s41347-017-0039-x,,2017,book-chapter,included,,"Text-message programme on occupational health for ICU nurses vs no intervention, Iran; Geldard Burnout Questionnaire (full text received)"
X113,OpenAlex,"Effects of internet-based, psychosocial, and early medical interventions on professional burnout in health care workers: Systematic literature review and meta-analysis",10.1016/j.invent.2023.100682,37867615,2023,review,excluded at screening,,non-article publication type
X114,OpenAlex,"Preschool teachers’ self-efficacy, burnout, and stress in online professional development: a mixed methods approach to understand change",10.1080/10901027.2019.1638851,,2019,article,included,,"Online professional-development course for preschool teachers, four arms; emotional exhaustion"
X115,OpenAlex,Effect of digital storytelling intervention on burnout thoughts of adolescent,10.1097/md.0000000000021164,32791690,2020,article,excluded at screening,,Reviewer: outside scope on title/abstract
X116,OpenAlex,"Effects of ICT Connectedness, Permeability, Flexibility, and Negative Spillovers on Burnout and Job and Family Satisfaction",10.17011/ht/urn.2011112211714,,2011,article,excluded at screening,,no randomized allocation
X117,OpenAlex,Burnout as a State: Random-Intercept Cross-Lagged Relationship Between Exhaustion and Disengagement in a 10-Day Study,10.2147/prbm.s244397,32214858,2020,article,excluded at screening,,no randomized allocation
X118,OpenAlex,"Relationship between Burnout Syndrome and Internet Addiction, and the Risk Factors in Healthcare Employees",10.18521/ktd.299196,,2017,article,excluded at screening,,no randomized allocation
X119,OpenAlex,The Relationship of Internet Abusive Use with Academic Burnout and Academic Performance in Nursing Students,10.1155/2022/2765763,35425841,2022,article,excluded at screening,,no randomized allocation
X120,OpenAlex,Reducing social diabetes distress with a conversational agent support system: a three-week technology feasibility evaluation,10.3389/fdgth.2023.1149374,37383944,2023,article,excluded at screening,,Reviewer: outside scope on title/abstract
X121,OpenAlex,"Health information technology and clinician burnout: Current understanding, emerging solutions, and future directions",10.1093/jamia/ocab058,33871016,2021,article,excluded at screening,,Reviewer: outside scope on title/abstract
X122,OpenAlex,The relationship between Internet addiction and academic burnout in undergraduates: a chain mediation model,10.1186/s12889-025-22719-y,40275249,2025,article,excluded at screening,,no randomized allocation
X123,OpenAlex,"The association of problematic usage of the internet with burnout, depression, insomnia, and quality of life among Hungarian high school students",10.3389/fpubh.2023.1167308,37559742,2023,article,excluded at screening,,no randomized allocation
X124,OpenAlex,"Understanding Generational Identity, Job Burnout, Job Satisfaction, Job Tenure and Turnover Intention",,,2018,article,excluded at screening,,no randomized allocation
X125,OpenAlex,Physician Stress During Electronic Health Record Inbox Work: In Situ Measurement With Wearable Sensors,10.2196/24014,33908888,2021,article,excluded at screening,,no randomized allocation
X126,OpenAlex,Impact of Learning Burnout on Mobile Phone Dependence Among Adolescents in Western China Under the “Double Reduction” Policy: The Mediating Role of Social Support,10.2147/prbm.s420711,37584040,2023,article,excluded at screening,,no randomized allocation
X127,OpenAlex,"Music Care, a personalized smartphone app for the relief of pain and anxiety: A Systematic Review of Randomized Controlled Trials (Preprint)",10.2196/preprints.48059,,2023,preprint,excluded at screening,,review
X128,OpenAlex,Impact of a Digital Scribe System on Clinical Documentation Time and Quality: Usability Study,10.2196/60020,39312397,2024,article,excluded at screening,,no randomized allocation
X129,OpenAlex,The Relationship Between Physical Activity and Mobile Phone Addiction in College Students: A Systematic Review and Meta-Analysis,10.3390/bs15101325,41153116,2025,review,excluded at screening,,non-article publication type
X130,OpenAlex,Prevalence of Burnout among Plastic Surgeons and Residents in Plastic Surgery: A Systematic Literature Review and Meta-analysis,10.1097/gox.0000000000001854,30324054,2018,review,excluded at screening,,non-article publication type
X131,OpenAlex,Competencias socioemocionales y creencias de autoeficacia como predictores del burnout en docentes mexicanos,10.21703/rexe.20181735torres1,,2018,article,excluded at screening,,no randomized allocation
X132,OpenAlex,Validasi School Burnout Inventory versi Bahasa Indonesia,10.21831/jpipfip.v13i2.32579,,2020,book-review,excluded at screening,,non-article publication type
X133,OpenAlex,Is it Too Optimistic to Assume Light Touch Interventions can Improve Educational Workers’ Wellbeing? Insights from a Field Randomized Control Trial in Canada,10.7202/1108430ar,,2023,article,included,,"Weekly well-being text messages for school staff, three-arm RCT; burnout"
X134,OpenAlex,Simulation of a Novel Schedule for Intensivist Staffing to Improve Continuity of Patient Care and Reduce Physician Burnout,10.1097/ccm.0000000000002319,28362643,2017,article,excluded at screening,,no randomized allocation
X135,OpenAlex,Self-help digital mental health intervention in improving burnout and mental health outcomes among healthcare workers: A narrative review,10.1177/20552076241278313,39257871,2024,review,excluded at screening,,non-article publication type
X136,OpenAlex,Primary care physician digital health profile and burnout: an international cross-sectional study,10.1093/eurpub/ckaf106,40663776,2025,article,excluded at screening,,no randomized allocation
X137,OpenAlex,The Relationship Between E-learning During Coronavirus Pandemic and Job Burnout among Faculty Members in Public and Private Universities in Jordan,10.6007/ijarbss/v11-i11/11354,,2021,article,excluded at screening,,no randomized allocation
X138,OpenAlex,"Association between Burnout, Job Dissatisfaction and Intention to Leave among Medical Researchers in a Research Organisation in Malaysia during the COVID-19 Pandemic",10.3390/ijerph191610017,36011652,2022,article,excluded at screening,,no randomized allocation
X139,OpenAlex,Digital Frontiers: Investigating the Impact of Online Teaching Engagement on Thai Teachers’ Self-Efficacy and Burnout amid the Covid-19 Pandemic,10.5539/ies.v16n6p33,,2023,article,excluded at screening,,no randomized allocation
X140,OpenAlex,Burnout is Not Associated With Increased Medical Errors,10.1016/j.mayocp.2018.08.015,30392547,2018,article,excluded at screening,,Reviewer: outside scope on title/abstract
X141,OpenAlex,Cross-sectional study exploring the association between stressors and burnout in junior doctors during the COVID-19 pandemic in the United Kingdom,10.1002/1348-9585.12311,35025106,2022,article,excluded at screening,,no randomized allocation
X142,OpenAlex,"Academic Self Awareness, Self-Regulation and Academic Burnout among College Students",10.2991/assehr.k.220405.021,,2022,conference-paper,excluded at screening,,no randomized allocation
X143,OpenAlex,"Analysis of the structural relationship emotional regulation, academic procrastination, and academic burnout",10.11591/ijere.v13i3.26778,,2024,article,excluded at screening,,no randomized allocation
X144,OpenAlex,Burnout and its correlates in South African clinical and counselling psychologists,10.38140/aa.v39i1.1135,,2007,article,excluded at screening,,no randomized allocation
X145,OpenAlex,At-risk Internet addiction and related factors among junior high school teachers—based on a nationwide cross-sectional study in Japan,10.1186/s12199-018-0759-3,30611194,2019,article,excluded at screening,,no randomized allocation
X146,OpenAlex,Development and validation of a nomogram for predicting high‐burnout risk in nurses,10.1111/jocn.17210,38736145,2024,article,excluded at screening,,no randomized allocation
X147,OpenAlex,Perioperative Pain Management During the COVID-19 Pandemic: A Telemedicine Approach,10.1093/pm/pnaa336,32915984,2020,article,excluded at screening,,Reviewer: outside scope on title/abstract
X148,OpenAlex,Doctor-Patient Communication In Clinical Trials With The Usage Of Mobile Technologies,10.21453/2311-3065-2023-11-3-63-72,,2023,article,excluded at screening,,no randomized allocation
X149,OpenAlex,Prevalence and factors associated with burnout among health professionals of a public hospital network during the COVID-19 pandemic,10.1371/journal.pone.0298187,38648225,2024,article,excluded at screening,,no randomized allocation
X150,OpenAlex,The impact of sudden forced-migration to the online world during COVID-19 pandemic on teachers' burnout,10.1504/ijtel.2022.125844,,2022,article,excluded at screening,,no randomized allocation
X151,OpenAlex,Job burnout among nurses in Iran: a systematic review and meta-analysis,10.4103/nms.nms_48_20,,2021,review,excluded at screening,,non-article publication type
X152,OpenAlex,Are human resource managers with good listening competency more likely to avoid job burnout?,10.1186/s12889-022-12618-x,35130872,2022,article,excluded at screening,,no randomized allocation
X153,OpenAlex,Post-Traumatic Stress Disorder among Frontline Nurses during the COVID-19 Pandemic and Its Relationship with Occupational Burnout,10.18502/ijps.v17i4.10693,36817805,2022,article,excluded at screening,,no randomized allocation
X154,OpenAlex,Adverse Childhood Experiences and Burnout in Athletic Trainers: An Exploratory Study,10.4085/1062-6050-0545.22,37115011,2023,article,excluded at screening,,no randomized allocation
X155,OpenAlex,The impact of telecom industry employees’ stress perception on job burnout: moderated mediation model,10.1186/s12889-024-18704-6,38890592,2024,article,excluded at screening,,no randomized allocation
X156,OpenAlex,The impact of learner background variables on academic burnout in online vs. face-to-face classes among students of Shiraz University of Medical Sciences having English courses,10.3389/fpsyg.2025.1484760,40406618,2025,article,excluded at screening,,no randomized allocation
X157,OpenAlex,Associations between burnout and career disengagement factors among general practitioners: a path analysis,10.3389/fpubh.2025.1547102,40606096,2025,article,excluded at screening,,no randomized allocation
X158,OpenAlex,Surveying the amount of dependence on short messages (SMS)and alienation with academic burnout among female high school students in Ardebil,,,2016,article,excluded at screening,,no randomized allocation
X159,OpenAlex,High prevalence of burnout syndrome in Czech general practitioners: A cross-sectional survey,10.1016/j.pmedr.2023.102502,38116278,2023,article,excluded at screening,,no randomized allocation
X160,OpenAlex,"An investigation into the prevalence of and relationships among compassion fatigue, burnout, compassion satisfaction, and self-transcendence in oncology nurses",,,2014,dissertation,excluded at screening,,non-article publication type
X161,OpenAlex,Exploring Associations between Stressors and Burnout in Trainee Doctors During the COVID-19 Pandemic in the UK,10.1007/s40596-022-01660-x,35661339,2022,article,excluded at screening,,no randomized allocation
X162,OpenAlex,Inverter design for future electrified aircraft propulsion systems under consideration of wear-out failure and random failure,10.23919/epe23ecceeurope58414.2023.10264306,,2023,conference-paper,excluded at screening,,no randomized allocation
X163,OpenAlex,Burnout in nurses: A meta analysis of related factors Hemşirelerde tükenmişlik: İlgili faktörlerin meta analizi,10.14687/jhs.v14i2.4431,,2017,article,excluded at screening,,no randomized allocation
X164,OpenAlex,BURNOUT IN THE HYBRID WORKPLACE: EXAMINING THE STRUGGLE OF LANGUAGE LECTURERS IN MALAYSIA,10.24200/jonus.vol9iss2pp577-602,,2024,article,excluded at screening,,no randomized allocation
X165,OpenAlex,40. CHAMILY CHALLENGE: THE IMPACT AND EFFICACY OF TEAM-BASED GAMIFICATION ON PEDIATRIC RESIDENT ENGAGEMENT,10.1016/j.acap.2020.06.061,,2020,article,excluded,DESIGN,"Conference abstract: residents randomized to four teams in a gamified programme and compared with the previous year; wellness, not burnout, measured; no between-group comparison (full text received)"
X166,OpenAlex,Urine Metabolomic Patterns to Discriminate the Burnout Levels and Night-Shift-Related Stress in Healthcare Professionals,10.3390/metabo15040273,40278402,2025,article,excluded at screening,,no randomized allocation
X167,OpenAlex,An Investigation on the Status Quo of the Type of Internet Addiction and Its Relationship with Learning Burnout of University Students,10.12677/ap.2015.512111,,2015,article,excluded at screening,,no randomized allocation
X168,OpenAlex,"Digital engagement, school burnout and academic performance: Longitudinal within-student relations",10.31219/osf.io/a2bk7,,2022,preprint,excluded at screening,,no randomized allocation
X169,OpenAlex,Workplace support for physicians during the COVID-19 Pandemic: Did it affect burnout?,10.1186/s12913-024-11366-5,39097691,2024,article,excluded at screening,,no randomized allocation
X170,OpenAlex,Turn over Intention among Nurses: The Role of Job Demand and Job Burnout,10.18034/abr.v10i1.463,,2020,article,excluded at screening,,no randomized allocation
X171,OpenAlex,More convenience or more stress? The study of teachers’ work-related use of apps beyond work hours and job burnout,10.21203/rs.3.rs-4777609/v1,,2024,preprint,excluded at screening,,Reviewer: outside scope on title/abstract
X172,OpenAlex,Empowering Care Teams: Redefining Message Management to Enhance Care Delivery and Alleviate Oncologist Burnout,10.6004/jnccn.2024.7055,39602886,2024,article,excluded at screening,,no randomized allocation
X173,OpenAlex,Implementation and evaluation of a pain assessment app and novel community platform for long-term care health professionals,10.1080/13607863.2022.2158307,36546682,2022,article,excluded,DESIGN,"Multiple-baseline design; units randomized to app feature sets; MBI analysed only as an association with website use, not compared by arm (full text)"
X174,OpenAlex,"The needs, concerns, and characteristics of younger Australian adults with Type 2 diabetes",10.1111/dme.12078,23181664,2012,article,excluded at screening,,burnout not mentioned
X175,OpenAlex,Burnout Symptoms among Millennial Teachers in India: The Efficacy of the Emotional Self-Care Online Intervention Program (ESCOIP),10.7454/hubs.asia.1160424,,2024,article,included,,Emotional self-care online programme for teachers; MBI-Educators Survey
X176,OpenAlex,The Effect of Academic Self-Efficacy Training Toward The Nursing Students’ Academic Burnout Participating In Block-System Learning,10.24990/injec.v6i2.363,,2021,article,excluded at screening,,no randomized allocation
X177,OpenAlex,Adaptive Neurostimulation Methods in Correcting Posttraumatic Stress Disorder and Professional Burnout Syndrome,10.24412/2500-2295-2021-2-68-74,,2021,article,excluded,BURNOUT,Outcomes were stress-state indicators
X178,OpenAlex,Burnout and Interventions for Healthcare workers to cope during COVID-19,10.1192/bjo.2021.404,,2021,article,excluded at screening,,no randomized allocation
X179,OpenAlex,"Prevalence of Burnout and Its Associated Factors among Medical Students in a Public University in Selangor, Malaysia: a Cross-Sectional Study",10.47836/mjmhs.19.1.27,,2023,article,excluded at screening,,no randomized allocation
X180,OpenAlex,"The digital creative organisation: are work–life balance, remote working and management support impacting in the creativity?",10.1108/mbe-10-2024-0177,,2025,article,excluded at screening,,no randomized allocation
X181,OpenAlex,THE EFFECT OF FAMILY AND WORKPLACE CHARACTERISTICS ON THE BURNOUT LEVEL OF RADIOGRAPHERS WORKING IN ONCOLOGY PATIENT CARE,10.47724/mirtj.2020.i02.a001,,2020,article,excluded at screening,,no randomized allocation
X182,OpenAlex,"Factors Associated with Burnout in Clinical Year Medical Students in Terengganu, Malaysia",10.37231/ajmb.2021.5.1.336,,2021,article,excluded at screening,,no randomized allocation
X183,OpenAlex,Stronger Algorithmic Beliefs Were Associated with More Benign Interpretations in Unideal Online Dating Scenarios,10.1089/cyber.2025.0085,40533085,2025,article,excluded at screening,,Reviewer: outside scope on title/abstract
X184,OpenAlex,Physician Attitudes About Maintenance of Certification,10.1016/j.mayocp.2016.07.004,27712632,2016,article,excluded at screening,,Reviewer: outside scope on title/abstract
X185,OpenAlex,Online training and financial incentives for teachers: Evidence from Bangladesh,10.1016/j.jebo.2024.106818,,2024,article,included,,"Three-arm RCT of an online teacher-training programme with and without a financial incentive, Bangladesh; OLBI (full text obtained after the initial search)"
X186,OpenAlex,The Effect of COVID-19-related Occupational Stress and Burnout in Referral Hospital Nurses,10.21109/kesmas.v18i1.6372,,2023,article,excluded at screening,,no randomized allocation
X187,OpenAlex,Emergency physicians accumulate more stress factors than other physicians-results from the French SESMAT study,10.1136/emj.2009.082594,21123828,2010,article,excluded at screening,,no randomized allocation
X188,OpenAlex,"Spiritual Intelligence, Emotional Labour and Work-Related Burnout: Investigating the Complex Relationships",10.20473/ijosh.v14i1.2025.37-47,,2025,article,excluded at screening,,no randomized allocation
X189,OpenAlex,"Burnout, compassion fatigue, and compassion satisfaction among obstetrics and gynecology resident physicians in the Philippines",10.4103/pjog.pjog_1_21,,2021,article,excluded at screening,,no randomized allocation
X190,OpenAlex,"Relationship between Generational Identity, Burnout, Job Satisfaction, Job Tenure, and Turnover Intention",,,2016,dissertation,excluded at screening,,non-article publication type
X191,OpenAlex,Predictive Analysis Research for Workplace Job Risks and Burnout of Public Health and Safety Inspectors Amid the Global Climate Crisis,10.20944/preprints202502.0193.v1,,2025,preprint,excluded at screening,,no randomized allocation
X192,OpenAlex,Academic Burnout among College Students during Hybrid Learning,10.55677/csrb/03-v02i02y2025,,2025,article,excluded at screening,,no randomized allocation
X193,OpenAlex,Cellphone text messages that disclose secondary emotions reduce burnout in emotional laborers,10.4092/jsre.20.1_9,,2012,article,included,,Written emotional disclosure by mobile-phone text messages in emotional labourers; burnout
X194,OpenAlex,Self-Efficacy affects Turnover Intention through Burnout-A Study of Nurses in Pakistan,10.36902/rjsser-vol2-iss2-2021(295-304),,2021,article,excluded at screening,,no randomized allocation
X195,OpenAlex,"ISLEEPFIRST: BURNOUT, FATIGUE, AND SLEEP DEPRIVATION AMONG RESIDENTS STAFFING THE MEDICAL ICU DURING COVID-19",10.1016/j.chest.2022.08.2196,,2022,article,excluded at screening,,Reviewer: outside scope on title/abstract
X196,OpenAlex,MP76-10 BURNOUT IN UROLOGY: RESULTS FROM THE 2016 AUA CENSUS,10.1016/j.juro.2017.02.2138,,2017,article,excluded at screening,,Reviewer: outside scope on title/abstract
X197,OpenAlex,Students’ academic burnout during limited face-to-face learning process in Sigi Regency,10.24042/kons.v10i1.13967,,2023,article,excluded at screening,,no randomized allocation
X198,OpenAlex,Hubungan Self-Efficacy dengan Academic Burnout saat Pandemi COVID-19 pada Mahasiswa Keperawatan Universitas Tanjungpura Pontianak,10.33024/mnj.v4i12.7469,,2022,article,excluded at screening,,no randomized allocation
X199,OpenAlex,HUBUNGAN KECERDASAN EMOSIONAL DENGAN BURNOUT SYNDROME PADA MAHASISWA YANG MENJALANI PEMBELAJARAN DARING,10.24843/coping.2022.v10.i02.p14,,2022,article,excluded at screening,,no randomized allocation
X200,OpenAlex,O-226 Contributors to stress and burnout in junior doctors during the COVID-19 pandemic,10.1136/oem-2021-epi.158,,2021,conference-abstract,excluded at screening,,no randomized allocation
X201,OpenAlex,THE EFFECT OF EFFORT-REWARD IMBALANCE ON TURNOVER INTENTION MEDIATED BY BURNOUT AND WORK STRESS IN CONTRACT NURSES,10.21776/ub.jam.2023.021.03.15,,2023,article,excluded at screening,,no randomized allocation
X202,OpenAlex,The relationship between self-efficacy and emotional burnout levels of seafarers: the role of individual alienation – the case of Turkey,10.1108/mabr-08-2023-0059,,2024,article,excluded at screening,,no randomized allocation
X203,OpenAlex,"Job Satisfaction Moderated Burnout, Work-Life Balance, And Lecturer Performance During The Industrial Revolution 4.0.",10.54099/ijmba.v4i1.1037,,2024,article,excluded at screening,,no randomized allocation
X204,OpenAlex,Development and validation of a Burden Transfer Inventory for predicting veterinarian stress related to client behavior,10.2460/javma.254.1.133,30668296,2018,article,excluded at screening,,Reviewer: outside scope on title/abstract
X205,OpenAlex,Investigation of Leadership Type of School Administrators and Burnout of Teachers According to Teacher Perceptions in the Emergency Distance Education Process,10.29329/ijpe.2023.517.5,,2023,article,excluded at screening,,no randomized allocation
X206,OpenAlex,Balancing Customer Engagement and Annoyance in Online Retail: Insights from a Field Experiment,10.2139/ssrn.6165626,,2026,preprint,excluded at screening,,Reviewer: outside scope on title/abstract
X207,OpenAlex,"Exploring patterns in online discussions into the lingering impact of COVID-19, two years on",10.1007/s44250-024-00148-9,,2024,article,excluded at screening,,no randomized allocation
X208,OpenAlex,"Feasibility of a tailored, combined intervention with mind-body elements to prevent burnout in healthcare professionals (LAGOM) in a mixed-methods multicenter single-arm trial",10.1038/s41598-025-12543-0,40721457,2025,article,excluded,DESIGN,Single-arm feasibility trial
X209,OpenAlex,Reliability and Validity of Assessing Subspecialty Level of Faculty Anesthesiologists’ Supervision of Anesthesiology Residents,10.1213/ane.0000000000000453,25268396,2014,article,excluded at screening,,no randomized allocation
X210,OpenAlex,The Digital Scribe: A New Wave of Efficiency and Quality of Life for Plastic Surgeons,10.1097/gox.0000000000006754,40330171,2025,article,excluded at screening,,no randomized allocation
X211,OpenAlex,"The effectiveness of the Internet 'Self-Examination Therapy (SET)' on anxiety, depression and burn-out: a randomised trial",10.1186/isrctn14881571,,2012,dataset,excluded,REPORT,Trial registration record
X212,OpenAlex,Instant Messaging in Cancer Care,10.1159/000536345,38262385,2024,article,excluded at screening,,Reviewer: outside scope on title/abstract
X213,OpenAlex,Continuous professional development for GPs: experience from Denmark,10.1136/postgradmedj-2012-131679,24864203,2014,article,excluded at screening,,no randomized allocation
X214,OpenAlex,Research on Over-temperature Online Rapid Early Warning Methods of Oil-immersed Transformer under the Condition of Three-Phase Unbalance,10.1088/1755-1315/804/4/042017,,2021,conference-paper,excluded at screening,,burnout not mentioned
X215,OpenAlex,Compassionate Communication Amid the COVID‐19 Pandemic,10.12788/jhm.3472,32584251,2020,article,excluded at screening,,Reviewer: outside scope on title/abstract
X216,OpenAlex,Impact of online training on burnout syndrome and mental health of healthcare workers during the COVID-19 pandemic: a randomized controlled trial,,,2025,dissertation,excluded at screening,,non-article publication type
X217,OpenAlex,Original Research: An Investigation of Career Choice Regret Among American Nurses,10.1097/01.naj.0000660020.17156.ae,32218044,2020,article,excluded at screening,,no randomized allocation
X218,OpenAlex,"Time to step away from the ‘bright, shiny things’? Towards a sustainable model of journalism innovation in an era of perpetual change",,,2018,article,excluded at screening,,no randomized allocation
X219,OpenAlex,Survey strategies to increase participant response rates in primary care research studies,10.1093/fampra/cmab070,34213547,2021,article,excluded at screening,,no randomized allocation
X220,OpenAlex,"THE STATUS OF BURN OUT, YOGA/EXERCISE PARTICIPATION AND USE OF SMARTPHONE AMONG THE MEDICAL ASPIRANTS OF INDIA",10.37867/te180142,,2026,article,excluded at screening,,no randomized allocation
X221,OpenAlex,Ally – a conversational AI–based mobile app for stress prevention and mental well-being in adults: A pilot study,10.17605/osf.io/ebs37,,2026,preprint,excluded,POP,General adult population
X222,OpenAlex,"Wearable Biosensor Monitoring, Machine Learning–Based Burnout Risk Prediction, and Just-in-Time Adaptive Intervention: A Three-Arm Randomized Controlled Trial Among Healthcare Workers (Preprint)",10.2196/preprints.101459,,2026,preprint,excluded,REPORT,Unpublished preprint without peer review (only peer-reviewed reports are eligible)
X223,OpenAlex,A randomized controlled study to evaluate a digital intervention for treating burnout in adults,10.1186/isrctn75863224,,2026,dataset,excluded,REPORT,Trial registration record
X224,OpenAlex,Resource-Oriented Internet Intervention for Occupational Stress among Medical Professionals (Med-Stress) : Study Protocol for a Randomized Controlled Trial,,,2018,article,excluded at screening,,protocol
X225,OpenAlex,Hubungan Efikasi Diri Terhadap Tingkat Kejenuhan Akademik: Studi Empiris Pembelajaran Daring Semasa COVID-19,10.37541/sosiosains.v7i1.574,,2021,article,excluded at screening,,no randomized allocation
X226,OpenAlex,Could ambient artiﬁcial intelligence scribes offer a promising digital health solution to reduce physician burnout and documentation burden in Poland? A narrative review,10.12923/2083-4829/2026-0016,,2026,review,excluded at screening,,non-article publication type
X227,OpenAlex,An academic allergy unit during COVID-19 pandemic in Italy,10.1016/j.jaci.2020.04.003,32317114,2020,article,excluded at screening,,Reviewer: outside scope on title/abstract
X228,OpenAlex,Does education improve adherence to a training monitoring program in recreational athletes?,10.1177/17479541211070789,,2022,article,excluded at screening,,Reviewer: outside scope on title/abstract
X229,OpenAlex,Utility of virtual reality for physiological stress responsivity,10.1016/j.psyneuen.2018.12.058,,2019,article,excluded at screening,,Reviewer: outside scope on title/abstract
X230,OpenAlex,Yoga for COVID – 19,10.4103/jfmpc.jfmpc_1837_21,35136822,2021,article,excluded at screening,,no randomized allocation
X231,OpenAlex,Sustainable employability and work outcomes: a prospective study,10.1186/s12889-024-20576-9,39528990,2024,article,excluded at screening,,no randomized allocation
X232,OpenAlex,Radiológiai osztályon dolgozó szakdolgozók kiégési szintje Magyarországon,10.1556/650.2019.31442,31264467,2019,article,excluded at screening,,no randomized allocation
X233,OpenAlex,"Predicting Digital Burnout Using Machine Learning: The Role of Cognitive Flexibility, Emotional Regulation, Social Comparison, and Online Disinhibition",10.61838/kman.jarac.5243,,2026,article,excluded at screening,,no randomized allocation
X234,OpenAlex,Exploring Statistical Relationships for Risk Assessment and Value Computation of Digital Health Technologies in India,10.60142/ijhti.v4i02.03,,2025,article,excluded at screening,,no randomized allocation
X235,OpenAlex,Het Verband Tussen Beschermingsfactoren en Burn-out bij Medische Studenten in Nederland,,,2019,dissertation,excluded at screening,,non-article publication type
X236,OpenAlex,"Investigating the links between diagnostic uncertainty, emotional exhaustion, and turnover intention in General Practitioners working in the United Kingdom",10.3389/fpsyt.2022.936067,35958644,2022,article,excluded at screening,,no randomized allocation
X237,OpenAlex,Pain assessment in long term care facilities using a tablet app version of the PACSLAC-II,10.82465/1187,,2019,dissertation,excluded at screening,,non-article publication type
X238,OpenAlex,Heart Rate Variability and Complementary Medicine,10.1155/2014/395485,24688590,2014,article,excluded at screening,,no randomized allocation
X239,OpenAlex,Influence of Exercise Addiction on Burn-out Due to Flow of Badminton Club Members,10.51979/kssls.2013.05.52.449,,2013,article,excluded at screening,,no randomized allocation
X240,OpenAlex,Patients Contributing to Their Doctors' Notes: Insights From Expert Interviews,10.7326/m17-0583,29132154,2017,article,excluded at screening,,Reviewer: outside scope on title/abstract
X241,OpenAlex,Impact of Criterion Versus Norm-Referenced Assessment on the Quality of Life in Korean Medical Students,10.3346/jkms.2023.38.e133,37128877,2023,article,excluded at screening,,no randomized allocation
X242,OpenAlex,Accessibility And Feasibility Of Bluetooth Communication Systems And Smart Devices For Measuring Nursing Activities: A Systematic Review Of Digital Health Technologies,10.67440/ahj.v21i4s.1240,,2026,review,excluded at screening,,non-article publication type
X243,OpenAlex,Tingkat Stres Berhubungan dengan Burnout Orang Tua Akibat Pembelajaran Online,10.26714/jkj.11.1.2023.163-172,,2023,article,excluded at screening,,no randomized allocation
X244,OpenAlex,In the Office and In-Between: The Role of Panel Management in Primary Care,10.1007/s11606-015-3310-x,25851305,2015,article,excluded at screening,,Reviewer: outside scope on title/abstract
X245,OpenAlex,Play to prepare: Effects of a pre-simulation virtual reality team-based game on nursing student outcomes,10.1016/j.ecns.2026.102000,,2026,article,excluded at screening,,Reviewer: outside scope on title/abstract
X246,OpenAlex,Vitality in the Academic Workplace: Sustaining Professional Growth for Mid-Career Faculty,10.1007/s10755-021-09589-z,,2022,article,excluded at screening,,Reviewer: outside scope on title/abstract
X247,OpenAlex,Just-in-Time Teaching (JiTT) Screencasts: A Randomized Controlled Trial of Asynchronous Learning on an Inpatient Hematology-Oncology Service,10.1182/blood-2020-139203,,2020,conference-abstract,excluded,BURNOUT,Outcome was clinical confidence
X248,OpenAlex,"Physician well-being during COVID-19: results from a randomized trial testing a light-touch, SMS intervention (Preprint)",10.2196/preprints.46772,,2023,preprint,excluded,BURNOUT,"Outcomes were well-being, happiness and anxiety"
X249,OpenAlex,Do Magnet®-accredited hospitals show improvements in nurse and patient outcomes compared to non-Magnet hospitals: a systematic review,10.11124/jbisrir-2015-2262,26455752,2015,article,excluded at screening,,review
X250,OpenAlex,"Hidden work, frustration and multiple layers of occupational health in emergency situations: a longitudinal study during the COVID-19 pandemic",10.3389/fpsyg.2023.1042397,38274681,2024,article,excluded at screening,,no randomized allocation
X251,OpenAlex,Athletic Trainer Perceptions of Life-Work Balance and Parenting Concerns,10.4085/1062-6050-48.2.01,23675801,2013,article,excluded at screening,,no randomized allocation
X252,OpenAlex,Burnout syndrome,,,2016,dissertation,excluded at screening,,non-article publication type
X253,OpenAlex,Investigating the Impact of a Virtual Reality Experience on Medical Student Empathy: A Mixed-Methods Study (Preprint),10.2196/preprints.76504,,2025,preprint,excluded at screening,,Reviewer: outside scope on title/abstract
X254,OpenAlex,Predicting Emotional Exhaustion with Multimodal Sensor Data During Return-to-Work Trajectories: A 6-Month Longitudinal Study,10.1007/s10926-026-10395-7,42018118,2026,article,excluded at screening,,no randomized allocation
X255,OpenAlex,Time,10.7326/0003-4819-127-6-199709150-00011,9313007,1997,editorial,excluded at screening,,non-article publication type
X256,OpenAlex,Imposter phenomenon among health professionals and students: A protocol for systematic review and meta analysis,10.1097/md.0000000000034364,37478278,2023,review,excluded at screening,,non-article publication type
X257,OpenAlex,Burnout and work stress,10.5177/ntvt.2020.06.20041,32716401,2020,article,excluded at screening,,no randomized allocation
X258,OpenAlex,Flipping the Bedside: Telesonography and Clinical Education,10.1111/acem.12492,25377414,2014,article,excluded at screening,,Reviewer: outside scope on title/abstract
X259,OpenAlex,"Hubungan Tingkat Stres, Academic Burnout, dan Kecanduan Smartphone dengan Kualitas Tidur pada Mahasiswa Fakultas Kedokteran Universitas Islam Al-Azhar",10.33024/mahesa.v5i7.18874,,2025,article,excluded at screening,,no randomized allocation
X260,OpenAlex,Effects of a digitally delivered low-dose physical activity intervention on academic burnout and student engagement in university students,10.17979/sportis.2026.12.2.12972,,2026,article,excluded at screening,,no randomized allocation
X261,OpenAlex,"516 Alternative Clinical Trials Staffing Models for Improved Efficiency, Retention, and Profitability",10.1017/cts.2024.439,,2024,article,excluded at screening,,no randomized allocation
X262,OpenAlex,Revolutionizing Health Records: The AI Way,10.21275/sr24417190214,,2024,article,excluded at screening,,no randomized allocation
X263,OpenAlex,"Explainable AI Modeling of Academic Burnout in High School Students Using Cognitive Flexibility, School Climate, and Online Learning Engagement",10.61838/kman.jayps.4989,,2026,article,excluded at screening,,no randomized allocation
X264,OpenAlex,"Generation Z consumers’ attitude towards TikTok marketing: The role of social influence, perceived enjoyment, content relevance and digital burnout",10.4102/ac.v26i1.1547,,2026,article,excluded at screening,,no randomized allocation
X265,OpenAlex,Social Media Fatigue Prediction: A Machine-Learning–Based Study of Usage Patterns and Digital Burnout Among Gen Z,10.56726/irjmets86714,,2025,article,excluded at screening,,no randomized allocation
X266,OpenAlex,Clicking Your Way to Burnout,10.1097/01.eem.0000945436.24458.f4,,2023,article,excluded at screening,,no randomized allocation
X267,OpenAlex,"Digital Divide, Techno-Stress, and Teacher Burnout in ECE: Institutional Support as a Moderator in Punjab, Pakistan (Hayes PROCESS Model 7)",10.71317/rjsa.004.03.0750,,2026,article,excluded at screening,,no randomized allocation
X268,OpenAlex,How to improve intervention research on the psychosocial work environment?,10.5271/sjweh.4107,37389964,2023,editorial,excluded at screening,,non-article publication type
X269,OpenAlex,Human Immunodeficiency Virus Medicine,10.1093/infdis/jix238,28938040,2017,article,excluded at screening,,no randomized allocation
X270,OpenAlex,Employee teleworking (working-from-home) experience assessment during COVID-19 lockdown: A dual-edged sword,10.1016/j.ssci.2024.106732,,2024,article,excluded at screening,,Reviewer: outside scope on title/abstract
X271,OpenAlex,"Nurses' Reflection, Compassion Fatigue, and Work Burnout - A Correlational Analysis",,,2017,dissertation,excluded at screening,,non-article publication type
X272,OpenAlex,"The Effect of Academic Stress, Burnout, and Class Engagement, on Cyberloafing Behavior in UNTAR Students",10.59888/ajosh.v2i4.223,,2024,article,excluded at screening,,no randomized allocation
X273,OpenAlex,Analysis of job satisfaction among clinical research coordinators,10.3233/wor-230732,38875070,2024,article,excluded at screening,,no randomized allocation
X274,OpenAlex,#ILookLikeAUrologist: Using Twitter to Discuss Diversity and Inclusion in Urology,10.1016/j.euf.2020.03.005,32295754,2020,article,excluded at screening,,Reviewer: outside scope on title/abstract
X275,OpenAlex,Promotion of sexual and reproductive health in Pakistan-The role of technology and online awareness,10.4103/apjr.apjr_117_23,,2024,article,excluded at screening,,Reviewer: outside scope on title/abstract
X276,OpenAlex,Developing a protocol for an online exercise programme for cerebral palsy clients using 'Physitrack',10.34074/thes.5589,,2021,dissertation,excluded at screening,,non-article publication type
X277,OpenAlex,The validation of school burnout inventory-Indonesian version,10.21831/jpipfip.v13i2.34176,,2020,article,excluded at screening,,no randomized allocation
X278,OpenAlex,Continuous Stress Monitoring for Healthcare Workers: Evaluating Generalizability Across Real-World Datasets,10.1145/3584371.3612974,,2023,conference-paper,excluded at screening,,no randomized allocation
X279,OpenAlex,"Екосистемний погляд на e-learning у медицині: технології, організація, психосоціальний вимір",10.5281/zenodo.18097763,,2025,article,excluded at screening,,no randomized allocation
X280,OpenAlex,"Predictive Workforce Analytics for Employee Burnout, Engagement, and Retention Using Machine Learning",10.5281/zenodo.20671790,,2026,article,excluded at screening,,Reviewer: outside scope on title/abstract
X281,OpenAlex,Impact of a Structured Reflective Program on Congruence and Burnout on Psychotherapists,10.7939/r3cz32d27,,2014,dissertation,excluded at screening,,non-article publication type
X282,OpenAlex,Reactions and Coping Strategies Utilized by Social Workers Following Client Suicidal Behavior,,,2013,article,excluded at screening,,burnout not mentioned
X283,OpenAlex,Effects of Specific Protective Resources on the Burnout Levels of Selected Visayan Medical Students from Online-Based Education during COVID-19 Pandemic: A Cross-Sectional Study,10.1101/2023.08.28.23294675,,2023,preprint,excluded at screening,,no randomized allocation
X284,OpenAlex,Ambient AI Scribes: Mitigating Burnout and the Safety Paradox,,,2026,article,excluded at screening,,Reviewer: outside scope on title/abstract
X285,OpenAlex,Mental Fatigue Classification Aided by Machine Learning-Driven Model Under the Influence of Foot and Auditory Binaural Beats Brain Massages via fNIRS,10.1109/access.2024.3508875,,2024,article,excluded at screening,,no randomized allocation
X286,OpenAlex,MODERATING EFFECT OF DEMOGRAPHIC VARIABLES ON COLLEGE STUDENTS’ STRESS AND BURNOUT,10.46827/ejes.v11i3.5243,,2024,article,excluded at screening,,no randomized allocation
X287,OpenAlex,"BackPage Online, August 2018",10.1097/01.back.0000544134.78737.d6,,2018,article,excluded at screening,,no randomized allocation
X288,OpenAlex,Embedding micro-dose gamified active breaks in higher education: effects on academic burnout and engagement,10.55040/8nk75926,,2026,article,excluded at screening,,Reviewer: outside scope on title/abstract
X289,OpenAlex,"BackPage Online, December 2016",10.1097/01.back.0000510981.29321.f1,,2016,article,excluded at screening,,Reviewer: outside scope on title/abstract
X290,OpenAlex,PERSON-CENTERED CARE PRACTICES PREDICT STAFF BURNOUT AND ENGAGEMENT IN LONG-TERM CARE STAFF,10.1093/geroni/igae098.0068,,2024,conference-abstract,excluded at screening,,Reviewer: outside scope on title/abstract
X291,OpenAlex,There he goes...,10.1093/humrep/des345,23242837,2012,article,excluded at screening,,burnout not mentioned
X292,OpenAlex,Examining the Mediating Role of Zoom Fatigue in Personality Traits and Professional Burnout,10.21203/rs.3.rs-7003801/v1,,2025,preprint,excluded at screening,,Reviewer: outside scope on title/abstract
X293,OpenAlex,Performance and educational training of radiographers in lung nodule or mass detection,10.1097/md.0000000000026270,34115023,2021,article,excluded at screening,,no randomized allocation
X294,OpenAlex,VOLUNTEER SERVICE AS A COPING STRATEGY FOR SOCIAL WORKERS AGAINST PROFESSIONAL BURNOUT,,,2019,article,excluded at screening,,no randomized allocation
X295,OpenAlex,PENGARUH JOB DEMANDS DAN JOB RESOURCES TERHADAP SAFETY OUTCOMES MELALUI MEDIASI BURNOUT DAN WORK ENGAGEMENT (STUDI PADA PENGEMUDI TRANSPORTASI ONLINE GRAB DI KOTA SURABAYA),,,2019,dissertation,excluded at screening,,non-article publication type
X296,OpenAlex,"BackPage Online, July 2017",10.1097/01.back.0000520978.55527.d8,,2017,article,excluded at screening,,Reviewer: outside scope on title/abstract
X297,OpenAlex,The Kidney Accelerator,10.2215/cjn.04720418,30361338,2018,article,excluded at screening,,Reviewer: outside scope on title/abstract
X298,OpenAlex,Safety of health workers during the COVID-19 pandemic and beyond: piloting WHO framework in Iran,10.1186/s41043-025-00749-x,39920792,2025,article,excluded at screening,,no randomized allocation
X299,OpenAlex,The association between adverse practice experiences and residency trainee occupational burnout,10.3389/fpubh.2025.1729142,41567780,2026,article,excluded at screening,,no randomized allocation
X300,OpenAlex,Burnout in Oncology Clinical Research Coordinators: Underlying Factors and Role of Empathy as a Moderator,10.1200/op-25-01282,41886702,2026,article,excluded at screening,,no randomized allocation
X301,OpenAlex,GI fellowship in the time of COVID‐19: Moving forward,10.1177/2050640620944723,32669044,2020,article,excluded at screening,,no randomized allocation
X302,OpenAlex,The effectiveness of acupuncture on endometriosis related pelvic pain: results of a randomised controlled feasibility trial,10.1016/j.aimed.2019.03.013,,2019,article,excluded at screening,,Reviewer: outside scope on title/abstract
X303,OpenAlex,"‘Professor, I’m tired and stressed!’",10.1111/j.1365-2923.2008.03063.x,18412889,2008,article,excluded at screening,,no randomized allocation
X304,OpenAlex,"Piloting a COVID-19 vaccine chatbot with young adults and health workers in the U.S. to validate usability, credibility, and intention to use (Preprint)",10.2196/preprints.40533,,2022,preprint,excluded at screening,,Reviewer: outside scope on title/abstract
X305,OpenAlex,Academic and Professional Challenges in Cardiac Anaesthesia,10.4103/aca.aca_171_24,40110924,2025,article,excluded at screening,,Reviewer: outside scope on title/abstract
X306,OpenAlex,How to Design Serendipity for Burnout Mitigation? A Serendipity-Oriented Recommender System and Field Experiment,,,2025,article,excluded,POP,Users of an online dating platform
X307,OpenAlex,Professional and Team Identity Buffer Effects of Workplace Environment and Bullying on Burnout in Nurses,,,2015,dissertation,excluded at screening,,non-article publication type
X308,OpenAlex,An Interpretable Machine Learning Framework for Predicting Academic Burnout Risk Among University Students,10.1109/icasst68917.2026.11484289,,2026,conference-paper,excluded at screening,,no randomized allocation
X309,OpenAlex,"Evaluating the Use of an Artificial Intelligence Ambient Scribe in a Swiss Psychiatric Clinic — Efficiency, Documentation Quality, and Therapeutic Alliance: Protocol for a Nonrandomized Controlled Trial (Preprint)",10.2196/preprints.111815,,2026,preprint,excluded at screening,,protocol
X310,OpenAlex,Wypalenie wśród studentów kierunków menedżerskich podczas nauki zdalnej w trakcie pandemii Covid-19 (raport z badań ankietowych),10.12775/ed.2021.015,,2021,article,excluded at screening,,no randomized allocation
X311,OpenAlex,An IoT-based contactless neonatal respiratory monitoring system for neonatal care assistance in postpartum center,10.1016/j.iot.2024.101371,,2024,article,excluded at screening,,no randomized allocation
X312,OpenAlex,Real-time perception of demand-control and effort-reward related to daily tasks and burnout in nurses,,,2016,article,excluded at screening,,no randomized allocation
X313,OpenAlex,Distance Under Pandemic Conditions (COVID-19): Professional Burnout of Primary and Secondary Grade Teachers,10.1007/978-3-031-31986-0_36,37581811,2023,conference-paper,excluded at screening,,Reviewer: outside scope on title/abstract
X314,OpenAlex,Systematic implementation and evaluation of an app-based community platform for assessing pain in long-term care facilities,10.82465/4399,,2022,dissertation,excluded at screening,,non-article publication type
X315,OpenAlex,Exploring Burnout in Medical Education: A Mixed-method Study Among University of Ibadan Medical Students,10.21203/rs.3.rs-5375393/v1,,2024,preprint,excluded at screening,,Reviewer: outside scope on title/abstract
X316,OpenAlex,PERBANDINGAN BURNOUT PADA MAHASISWA KEDOKTERAN TAHUN PERTAMA DAN TAHUN KEEMPAT UNIVERSITAS UDAYANA,10.24843/mu.2024.v13.i08.p07,,2024,article,excluded at screening,,no randomized allocation
X317,OpenAlex,The Relationship between Self-esteem and Burnout among Secondary School Teachers: Kenitra Directorate as a Case Study,10.63883/ijsrisjournal.v5i2.631,,2026,article,excluded at screening,,no randomized allocation
X318,OpenAlex,Samenhang tussen basisbehoeften uit de zelfdeterminatie theorie en positieve en negatieve aspecten van geestelijke gezondheid bij leraren in het basisonderwijs,,,2014,dissertation,excluded at screening,,non-article publication type
X319,OpenAlex,Introduction: Improvement and Measurement in the Era of Electronic Health Records,10.7326/m19-0870,32479178,2020,article,excluded at screening,,Reviewer: outside scope on title/abstract
X320,OpenAlex,The Narrow Path,10.1200/jco.2001.19.7.2102,11283147,2001,article,excluded at screening,,no randomized allocation
X321,OpenAlex,Employee Productivity Analytics and Prediction: A Dynamic Productivity and Burnout Modelling Engine (DPBME) for Privacy-Aware Workforce Analytics,10.36548/rrrj.2026.2.007,,2026,article,excluded at screening,,no randomized allocation
X322,OpenAlex,Opening a new chapter in health care: reporting on the inauguration of the International Conference on AI in Medicine,10.4103/singaporemedj.smj-2023-191,38527302,2024,article,excluded at screening,,Reviewer: outside scope on title/abstract
X323,OpenAlex,Association of Online Learning Tools and Students’ Health: A Case Study During the COVID-19 Pandemic,10.31584/jhsmr.20241066,,2024,article,excluded at screening,,no randomized allocation
X324,OpenAlex,"Prevalence of Burnout among Dental Students at King Khalid University, Abha, Saudi Arabia—A Cross-Sectional Study",10.20944/preprints202510.1786.v1,,2025,preprint,excluded at screening,,no randomized allocation
X325,OpenAlex,Integrating technology to support data management abstraction of adverse events (AE) and concomitant medications (ConMed) from the electronic health record (EHR) to sponsor electronic data capture (EDC) systems using design thinking (DT) methodology.,10.1200/jco.2023.41.16_suppl.e13624,,2023,conference-abstract,excluded at screening,,no randomized allocation
X326,OpenAlex,Percepción de factores modiicables que afectan la educación médica en Honduras: Encuesta 2019.,10.5377/rmh.v87i2.11902,,2019,article,excluded at screening,,Reviewer: outside scope on title/abstract
X327,OpenAlex,"Science, Medicine, and the Anesthesiologist",10.1097/aln.0000000000002556,,2018,article,excluded at screening,,Reviewer: outside scope on title/abstract
X328,OpenAlex,The mediating effect of burnout on the relationship between workplace culture and intent to stay among registered nurses in Saudi Arabia,10.1371/journal.pone.0352383,42348646,2026,article,excluded at screening,,no randomized allocation
X329,OpenAlex,A Machine Learning Approach for Predicting Developer Burnout Risk from Behavioral Patterns in Open-Source GitHub Activities,10.5281/zenodo.20679031,,2026,conference-paper,excluded at screening,,no randomized allocation
X330,OpenAlex,Maintaining comprehensive pharmacy services during a pandemic: Recommendations from a designated COVID-19 facility,10.1093/ajhp/zxaa194,32533829,2020,article,excluded at screening,,no randomized allocation
X331,OpenAlex,Spotlight on… clinical governance and patient safety,10.1111/tog.12837,,2022,article,excluded at screening,,Reviewer: outside scope on title/abstract
X332,OpenAlex,Pengaruh Human Resource Practices dan Person-Job Fit Serta Burnout Terhadap Kinerja Karyawan di Bank Kaltimtara,10.36733/emas.v7i8.14722,,2026,article,excluded at screening,,no randomized allocation
X333,OpenAlex,Work-life balance of university teachers after two years of telework during the COVID-19 pandemic,10.3233/hsm-230089,,2023,article,excluded at screening,,Reviewer: outside scope on title/abstract
X334,OpenAlex,"Neuroscience Education, CME Advanced Through Novel Online Modules",10.1176/appi.pn.2015.9b14,,2015,article,excluded at screening,,burnout not mentioned
X335,OpenAlex,"Managers Allocate Additional Tasks to Intrinsically Motivated Employees: Exploring Mechanisms, Consequences, and Solutions",10.1287/orsc.2023.18332,,2026,article,excluded at screening,,Reviewer: outside scope on title/abstract
X336,OpenAlex,"Effects of Flexible Work Arrangements on Employee Performance among Non-Teaching Employees in Selected Public Universities, Western Kenya",10.51867/ajernet.5.3.21,,2024,article,excluded at screening,,no randomized allocation
X337,OpenAlex,The cancer caregiver lived experience: Supporting and advocating for patients with cancer throughout the care continuum.,10.1200/op.2023.19.11_suppl.222,,2023,conference-abstract,excluded at screening,,no randomized allocation
X338,OpenAlex,"Prevalence and predictors of problematic alcohol use among Hungarian physicians: associations with specialty, burnout dimensions, anxiety and perceived stress",10.1192/j.eurpsy.2026.10208,,2026,article,excluded at screening,,no randomized allocation
X339,OpenAlex,Repurposing Orthopaedic Residents Amid COVID-19,10.2106/jbjs.oa.20.00058,33117956,2020,article,excluded at screening,,Reviewer: outside scope on title/abstract
X340,OpenAlex,PENGARUH JOB BURNOUT PADA CYBERLOAFING ACTIVITIES DAN CYBERLOAFING BEHAVIOR (Studi pada Guru-Guru SMA Negeri di Kota Magelang ),,,2017,dissertation,excluded at screening,,non-article publication type
X341,OpenAlex,"The Effectiveness of a Balint Group on Burnout Prevention, Reduction of Stress Perception, and Improvement of Caring Behaviors in Nurses in the COVID-19 Ward at Amir-Alam Hospital",10.21203/rs.3.rs-2733482/v1,,2023,preprint,excluded at screening,,no randomized allocation
X342,OpenAlex,Reasons for Insulin Omission—What Matters Most?,10.2337/db18-889-p,,2018,article,excluded at screening,,Reviewer: outside scope on title/abstract
X343,OpenAlex,"Burnout and Human Needs Fulfillment Based on Watson’s Ninth Carative Factor: A Correlational Study Among Hemodialysis Nurses in Malang, Indonesia",10.55018/janh.v7i2.349,,2025,article,excluded at screening,,no randomized allocation
X344,OpenAlex,Call me maybe? The right time and place for BPAs in EHRs,10.1093/eurheartj/ehz526,31386146,2019,editorial,excluded at screening,,non-article publication type
X345,OpenAlex,Montessori Impacts on Long-term Care Staff: Results of a Stepped-Wedge Cluster Randomized Trial,10.1093/geroni/igaf122.063,,2025,article,excluded,DIGITAL,In-person Montessori training; online surveys only
X346,OpenAlex,All Together Now: Implementation of an Interprofessional Critical Care Educational Curriculum,10.34197/ats-scholar.2021-0039br,34667980,2021,article,excluded at screening,,no randomized allocation
X347,OpenAlex,Rocket Launchers as Passive Controllers.,,,1981,article,excluded at screening,,no randomized allocation
X348,OpenAlex,Wellbeing interventions in family medicine and general practice trainees: a preliminary meta-analysis,10.1080/14739879.2025.2469494,40084803,2025,article,excluded at screening,,review
X349,OpenAlex,"Effects of Flexible Working Arrangements on Employee Retention in Non-Governmental Organizations (NGOs) in North Rift, Kenya",10.53819/81018102t4311,,2025,article,excluded at screening,,no randomized allocation
X350,OpenAlex,Response to COVID-19: The Outpatient Dialysis Setting,10.2215/cjn.0000000000000091,36795086,2023,article,excluded at screening,,no randomized allocation
X351,OpenAlex,Analisis Pengaruh Technostress Terhadap Burnout Dengan Usability Rekam Medis Elektronik Sebagai Variabel Moderasi Pada Perawat Di Rumah Sakit Tahun 2025,,,2026,dissertation,excluded at screening,,non-article publication type
X352,OpenAlex,"Using sensors to monitor and predict momentary feelings : exploring how multimodal passive sensing of sleep, physical activity, mobility and smartphone use supports within-person predictions of momentary feelings in daily life",10.3990/1.9789036572743,,2026,dissertation,excluded at screening,,non-article publication type
X353,OpenAlex,"Abstracts Presented at the 2nd Annual Advancing Healthcare Innovation Summit: Nov 11, 2022, Cincinnati, OH",10.36401/iddb-22-x2,,2022,conference-abstract,excluded at screening,,burnout not mentioned
X354,OpenAlex,"Nurse-Led Cardiac Rehabilitation: Clinical Efficacy, Digital Hybrid Innovations, and Future Frameworks for Secondary Prevention",10.1922/pjs.16.4s.2026.795,,2026,article,excluded at screening,,no randomized allocation
X355,OpenAlex,Maintaining Patients on Home Hemodialysis: The Journey Matters as Does the Destination,10.2215/cjn.06890617,28739574,2017,article,excluded at screening,,Reviewer: outside scope on title/abstract
X356,OpenAlex,ASHP Statement on the Community Pharmacist’s Role in the Care Continuum,10.1093/ajhp/zxaf146,40627500,2025,article,excluded at screening,,burnout not mentioned
X357,OpenAlex,Seeing Past the Event Horizon: A Framework for Integrating Artificial Intelligence and Machine Learning Into Physical Therapy,10.1093/ptj/pzae137,39288093,2024,article,excluded at screening,,no randomized allocation
X358,OpenAlex,Digital work conditions and Psychosocial health outcomes among workers: A systematic review protocol of observational studies,10.17605/osf.io/g3t6c,,2026,preprint,excluded at screening,,review
X359,OpenAlex,Sleep problems and associated risk factors among physicians in Bangladesh: a protocol for systematic review and meta-analysis of observational cross-sectional studies,10.1136/bmjopen-2025-112676,41397753,2025,review,excluded at screening,,non-article publication type
X360,OpenAlex,Researchers and the COVID-19 Pandemic,10.36591/se-d-4601-19,,2022,article,excluded at screening,,no randomized allocation
X361,OpenAlex,Access to oral COVID ‐19 antivirals in the community: are eligibility criteria and systems ensuring equity?,10.5694/mja2.51949,37270789,2023,article,excluded at screening,,Reviewer: outside scope on title/abstract
X362,OpenAlex,"Access to High-Quality, Integrated Oncologic Imaging & Pathology",10.1097/01.cot.0000531935.92416.94,,2018,article,excluded at screening,,no randomized allocation
X363,OpenAlex,Update to 2019–2022 ONS Research Agenda: Rapid Review to Promote Equity in Oncology Healthcare Access and Workforce Development,10.1188/21.onf.604-612,34673761,2021,article,excluded at screening,,no randomized allocation
X364,OpenAlex,Prevalence of operating room occupational health cluster: a systematic review and meta-analysis,10.3389/fpubh.2026.1792542,42273630,2026,review,excluded at screening,,non-article publication type
X365,OpenAlex,The Impact of the Pandemic on the Quality of Life of Healthcare Professionals,10.23880/eoij-16000257,,2020,article,excluded at screening,,no randomized allocation
X366,OpenAlex,Transplant Nephrology,10.2215/cjn.08710722,35914795,2022,article,excluded at screening,,no randomized allocation
X367,OpenAlex,"CORR Synthesis: When Should the Orthopaedic Surgeon Use Artificial Intelligence, Machine Learning, and Deep Learning?",10.1097/corr.0000000000001679,33595930,2021,article,excluded at screening,,Reviewer: outside scope on title/abstract
X368,OpenAlex,Enhancing communication and engagement with adult patients and caregivers in primary care through digital pre-visit interventions: A systematic review and meta-analysis.,10.17605/osf.io/bma3r,,2026,preprint,excluded at screening,,review
X369,OpenAlex,Prediction and Prevalence of Depression and Anxiety in Young Adults With Specific Learning Disorders: A Machine Learning Approach in Saudi Arabia,10.1002/cpp.70221,41684197,2026,article,excluded at screening,,no randomized allocation
X370,OpenAlex,Knowing the Man Who Promises: A Preventive Formation Charter and Strategic Resource for Sustainable Celibate Life within Today's Digitally Mediated Human Environment,10.5281/zenodo.21475489,,2026,article,excluded at screening,,Reviewer: outside scope on title/abstract
X371,OpenAlex,Analisis Komparatif Algoritma Tuned Random Forest dan Hist Gradient Boosting untuk Prediksi Niat Pindah Kerja Berdasarkan Indikator Beban Mental Karyawan,10.51901/jiifkom.v5i02.725,,2026,article,excluded at screening,,no randomized allocation
X372,OpenAlex,Pengaruh Work Engagement dan Digital Workload Terhadap Gejala Quiet Quitting Pada Pegawai Dinas Transmigrasi dan Tenaga Kerja Sulawesi Barat,10.57178/paradoks.v9i3.2552,,2026,article,excluded at screening,,no randomized allocation
X373,OpenAlex,The Evidence Base for Scribes and the Disruptions of COVID-19,10.1016/j.annemergmed.2020.09.438,33500116,2020,article,excluded at screening,,Reviewer: outside scope on title/abstract
X374,OpenAlex,Course Corrections for Clinical AI,10.34067/kid.0004152021,35419524,2021,article,excluded at screening,,Reviewer: outside scope on title/abstract
X375,OpenAlex,Empathy level among Saudi medical students using the Toronto empathy scale,10.5742/mewfm.2022.95251392,,2022,article,excluded at screening,,no randomized allocation
X376,OpenAlex,"Adoption, usability and perceived clinical value of a UK AI clinical reference platform: a mixed-methods formative evaluation of real-world usage and a 1,223-respondent user survey. (Preprint)",10.2196/preprints.84808,,2025,preprint,excluded at screening,,Reviewer: outside scope on title/abstract
X377,OpenAlex,Acute Cardiovascular Care 2019,10.1093/eurheartj/ehz399,31226211,2019,article,excluded at screening,,Reviewer: outside scope on title/abstract
X378,OpenAlex,Reducing the Burden of False-Positive Tests: It Is Time to Optimize Diagnostic Testing for Undifferentiated Conditions,10.1016/j.mayocp.2019.02.015,31272564,2019,article,excluded at screening,,Reviewer: outside scope on title/abstract
X379,OpenAlex,Weight and Lifestyle Behavior Changes in Chinese Health Care Workers During the COVID-19 Pandemic: 3-Year Retrospective Survey,10.2196/50754,39657182,2024,article,excluded at screening,,no randomized allocation
X380,OpenAlex,Some Lessons Learned for Kidney Failure Patients in the COVID-19 Pandemic,10.2215/cjn.0000000000000090,36723343,2023,article,excluded at screening,,Reviewer: outside scope on title/abstract
X381,OpenAlex,"Editorial: World Health Day 2024: frontiers in public health presents: “My health, my right”",10.3389/fpubh.2025.1679401,40951390,2025,editorial,excluded at screening,,non-article publication type
X382,OpenAlex,Cross-cultural validation and psychometric testing of the French version of the TeamSTEPPS teamwork perceptions questionnaire,10.1108/jhom-01-2023-0004,39198954,2024,article,excluded at screening,,no randomized allocation
X383,OpenAlex,Editorial: Unprecedented Times? Social Work and Society post-COVID-19,10.1093/bjsw/bcaa110,34191880,2020,editorial,excluded at screening,,non-article publication type
X384,OpenAlex,Demand for Surgical Procedures Following COVID-19,10.1097/sla.0000000000004366,32932326,2020,article,excluded at screening,,no randomized allocation
X385,OpenAlex,"Update on technologies, medicines and treatments",10.1111/dme.15113,,2023,article,excluded at screening,,Reviewer: outside scope on title/abstract
X386,OpenAlex,Gender Equity and Diversity in Pediatric Critical Care Medicine: We Must Do Better,10.1055/s-0041-1735871,39629151,2021,article,excluded at screening,,Reviewer: outside scope on title/abstract
X387,OpenAlex,Artificial Intelligence Technologies for Breast Cancer Screening,10.1097/01.cot.0000737712.87534.85,,2021,article,excluded at screening,,no randomized allocation
X388,OpenAlex,Advancing Academic Capacity in Physical and Rehabilitation Medicine to Strengthen Rehabilitation in Health Systems Worldwide,10.1097/phm.0000000000002067,35777886,2022,article,excluded at screening,,no randomized allocation
X389,OpenAlex,Intelligent Medicine: How Artificial Intelligence and Machine Learning Are Reshaping Modern Healthcare,10.21275/sr26602001634,,2026,article,excluded at screening,,Reviewer: outside scope on title/abstract
X390,OpenAlex,The Case Against the National Breast Implant Registry,10.1097/sap.0000000000002743,33555676,2021,article,excluded at screening,,no randomized allocation
X391,OpenAlex,Deep Learning Algorithm Could Make Lung Cancer Radiotherapy More Efficient,10.1097/01.cot.0000892628.46755.b6,,2022,article,excluded at screening,,Reviewer: outside scope on title/abstract
X392,OpenAlex,Accreditation Council for Graduate Medical Education Work Hour Requirements: A Review of Recent Evidence,10.4300/jgme-d-25-00784.1,41103991,2025,article,excluded at screening,,review
X393,OpenAlex,Effect of assistive technology on the burden of caregivers to older adults: A systematic review,10.6084/m9.figshare.31625809.v1,,2026,article,excluded at screening,,review
X394,OpenAlex,Sushruta: The Ultimate Mentor—But What Happened to His Mentees?,10.1097/prs.0000000000010061,36728810,2022,article,excluded at screening,,no randomized allocation
X395,OpenAlex,배드민턴 동호인의 운동몰입에 따른 운동중독이 탈진에 미치는 영향,,,2013,article,excluded at screening,,no randomized allocation
X396,OpenAlex,The role of the physiotherapist in managing musculoskeletal disorders (MSKDs),,,2025,dissertation,excluded at screening,,non-article publication type
X397,OpenAlex,Advancing a Nursing Culture of Inquiry: Strategies for the Community,10.4037/aacnacc2024444,39213630,2024,article,excluded at screening,,Reviewer: outside scope on title/abstract
X398,OpenAlex,878 7Is approach to evaluating a novel educational e-module on paediatric advanced life support,10.1136/archdischild-2021-rcpch.254,,2021,conference-abstract,excluded at screening,,no randomized allocation
X399,OpenAlex,"Virus, veritas, vita",10.1136/postgradmedj-2020-137802,32345756,2020,article,excluded at screening,,no randomized allocation
X400,OpenAlex,Parenteral medication use in hospital at home: Challenges and opportunities,10.1093/ajhp/zxae059,38804178,2024,article,excluded at screening,,Reviewer: outside scope on title/abstract
X401,OpenAlex,Index,10.1108/s0277-283320190000033011,,2019,paratext,excluded at screening,,non-article publication type
X402,OpenAlex,SDDF Abstracts 2022,10.4103/1319-3767.363246,,2022,article,excluded at screening,,burnout not mentioned
X403,OpenAlex,Current challenges faced by transgender and gender-diverse patients and providers in anesthesiology,10.1097/aia.0000000000000384,36480647,2022,article,excluded at screening,,burnout not mentioned
X404,OpenAlex,"Hubungan Efikasi Diri, Strategi Koping Dan Motivasi Berprestasi dengan Kejenuhan Akademik Mahasiswa pada Pembelajaran Daring",10.23917/psikonomi.vi.2695,,2023,article,excluded at screening,,no randomized allocation
X405,OpenAlex,Impact of Technology on Cancer Care Featured at NCCN Policy Summit,10.1097/01.cot.0000798100.85922.64,,2021,article,excluded at screening,,no randomized allocation
X406,OpenAlex,Caring for carers: A virtual psychosocial supervision intervention to improve the quality and sustainability of mental health and psychosocial support in humanitarian contexts,10.1192/j.eurpsy.2022.2295,,2022,article,excluded,REPORT,Study protocol
X407,OpenAlex,Cyber Addiction and Information Overload and Their Impact on Workplace Productivity,10.12794/metadc2257324,,2023,dissertation,excluded at screening,,non-article publication type
X408,OpenAlex,Predicting operational risks in an O2O home nursing platform in China: machine learning models with SHAP-based explanations,10.1186/s12912-026-05269-5,,2026,article,excluded at screening,,no randomized allocation
X409,OpenAlex,"Abstract 282: Understanding Current Organizational Strategies to Support Physician Well‐Being in Stroke, Neurocritical Care, and Neurointerventional Practice",10.1161/svin.03.suppl_2.282,,2023,conference-abstract,excluded at screening,,no randomized allocation
X410,OpenAlex,Moral distress among healthcare professionals: Italian validation of the Moral Distress-Appraisal Scale,10.3389/fpsyg.2026.1864410,42427378,2026,article,excluded at screening,,no randomized allocation
X411,OpenAlex,Innovating Health Records: The Path of AI,10.53469/jrse.2025.07(02).07,,2025,article,excluded at screening,,no randomized allocation
X412,OpenAlex,Correlation between the Professional Quality of Life and Social Support in Oncology Nurses: A Cross-Sectional Study,10.26502/ijpaes.4490153,,2023,article,excluded at screening,,no randomized allocation
X413,OpenAlex,"The Development Guideline of Teacher Characteristics at Nanning Nanshan Art Vocational School, China",10.63665/gjis.v2.54,,2025,article,excluded at screening,,no randomized allocation
X414,OpenAlex,Literature-based discovery: addressing the issue of the subpar evaluation methodology,10.1093/bioinformatics/btad090,36786419,2023,article,excluded at screening,,no randomized allocation
X415,OpenAlex,Deploying the Physician Workforce During a Respiratory Pandemic: The Experience of an Academic Teaching Hospital During the COVID-19 Pandemic,10.1097/qmh.0000000000000321,33914714,2021,article,excluded at screening,,Reviewer: outside scope on title/abstract
X416,OpenAlex,Distress and factors for maintaining good mental health among general practitioners during the SARS-CoV-2 pandemic: Results from the cross-sectional PRICOV-19 study in Austria,10.1101/2024.04.30.24306629,,2024,preprint,excluded at screening,,no randomized allocation
X417,OpenAlex,JASN Moves On,10.1681/asn.2007040415,,2007,editorial,excluded at screening,,non-article publication type
X418,OpenAlex,Predictive assessment of staff involvement based on machine learning methods (on the issue of neuro-taylorism),10.36871/ek.up.p.r.2026.08.02.022,,2026,article,excluded at screening,,no randomized allocation
X419,OpenAlex,Application of problem-oriented learning model in otorhinolaryngology teaching under network environment,10.25236/ijnde.2024.061039,,2024,article,excluded at screening,,no randomized allocation
X420,OpenAlex,Heart Failure Is Taking Center Stage,10.1161/circheartfailure.119.006025,31296095,2019,article,excluded at screening,,no randomized allocation
X421,OpenAlex,"Discrepancy measurements of copings prepared by three casting methods and two different alloys, on ITI implants",,,2008,article,excluded at screening,,burnout not mentioned
X422,OpenAlex,Exploring students’ time management practices: Basis for a customized daily schedule,10.54660/.ijmrge.2024.5.2.595-602,,2024,article,excluded at screening,,no randomized allocation
X423,OpenAlex,The impact of telework on mental health: a secondary analysis of the 2023 BelHealth,10.1093/eurpub/ckae144.2237,,2024,article,excluded at screening,,no randomized allocation
X424,OpenAlex,The Impact of Relational Coordination on Staff Outcomes in Long-Term Care,10.1093/geroni/igaf122.4390,,2025,article,excluded at screening,,no randomized allocation
X425,OpenAlex,PHarmacist Caring for CRITically Ill and EMergency Medicine Patients and Big Five personality traits: PHARM-CRIT and EM BIG 5,10.1093/ajhp/zxaf364,41453078,2025,article,excluded at screening,,no randomized allocation
X426,OpenAlex,MultiStress: An AI-Based Personalized Mental Stress Detection System using Multimodal Data Fusion with Cloud Integration,10.5281/zenodo.20233344,,2026,article,excluded at screening,,no randomized allocation
X427,OpenAlex,"ARTIFICIAL INTELLIGENCE IN MODERN MEDICINE: A COMPREHENSIVE REVIEW OF CURRENT APPLICATIONS, CHALLENGES, AND FUTURE PERSPECTIVES",10.31435/ijitss.3(51).2026.6205,,2026,article,excluded at screening,,review
X428,OpenAlex,Why Healthcare Needs Design Thinking,10.4324/9781003752073-2,,2026,book-chapter,excluded at screening,,non-article publication type
X429,OpenAlex,Effect of a Compassion Fatigue Intervention on Nurses’ Professional Quality of Life: A Single Group Study,10.25259/ijpc_175_2025,41342015,2025,article,excluded at screening,,no randomized allocation
X430,OpenAlex,"The maternity sourcebook: 230 basic decisions for pregnancy, birth, and baby care By Wendy and Matthew Lesko. New York: Warner Books, 1984. 467 pages. $10.95, paperback.",10.1016/0091-2182(86)90061-3,,1986,article,excluded at screening,,Reviewer: outside scope on title/abstract
X431,OpenAlex,975: LOWERING ALARM BURDEN BY THE USE OF ARTIFICIAL INTELLIGENCE,10.1097/01.ccm.0000909628.83049.97,,2022,article,excluded at screening,,no randomized allocation
X432,OpenAlex,The Boxer's Sister,,,2008,article,excluded at screening,,burnout not mentioned
X433,OpenAlex,"Remote Working Initiatives on Employee Engagement in the Non-Governmental Organizations Sector in Nairobi County, Kenya.",10.61108/ijsshr.v3i2.208,,2025,article,excluded at screening,,no randomized allocation
X434,OpenAlex,"Empowerment-Driven HR Practices and Employee Satisfaction: Evidence from HCL Technologies, Chennai",10.61336/cjmr.1603.78,,2026,article,excluded at screening,,no randomized allocation
X435,OpenAlex,AI Hyperarousal Syndrome (AHIS),10.5281/zenodo.19323604,,2026,preprint,excluded at screening,,no randomized allocation
X436,OpenAlex,Empathy Unfolding: A Complexity Neuroeducation Framework for Tracing the Impact of Immersive Storytelling and Transformational Learning on Nursing Education,10.5642/cguetd.znvd4426,,2023,dissertation,excluded at screening,,non-article publication type
X437,OpenAlex,AIHS - AI Hyperarousal Syndrome,10.17605/osf.io/59rwh,,2026,preprint,excluded at screening,,no randomized allocation
X438,OpenAlex,Practice-Based Strategies to Increase HPV Vaccination Rates,10.1542/gr.51-4-39,,2024,article,excluded at screening,,Reviewer: outside scope on title/abstract
X439,OpenAlex,Head Nurses’ Perceptions of Factors Affecting Quality of Nursing Care in the Riyadh Region: A Cross-sectional Study,10.5455/mjhs.2025.02.005,,2025,article,excluded at screening,,no randomized allocation
X440,OpenAlex,Effect of 0.2% Chlorhexidine and Alcohol-Free Listerine on Microhardness of Major Plus Acrylic Denture Teeth,10.29252/jrdms.5.4.20,,2020,article,excluded at screening,,no randomized allocation
X441,OpenAlex,An Analysis on the Organization of Distressed ( Old ) Urban Texture with an Emphasis on Physical - Spatial Dimensions : Case Study : Karaj City,10.12816/0018925,,2014,article,excluded at screening,,no randomized allocation
X442,OpenAlex,For Clinicians Who Write Essays About Patients: Conceptual Review of Consent and Ethical Considerations,10.1007/s11606-025-10132-5,41703380,2026,article,excluded at screening,,review
X443,OpenAlex,NCCN News,10.6004/jnccn.2025.0026,,2025,article,excluded at screening,,no randomized allocation
X444,OpenAlex,Validating the antecedents of the teacher commitment: A pilot study,,,2025,article,excluded at screening,,no randomized allocation
X445,OpenAlex,The vocational adaptation scale for primary health workers: development and validation in a cohort of working village doctor students in China,10.1186/s12913-026-15590-z,,2026,article,excluded at screening,,no randomized allocation
X446,OpenAlex,"Patient Portal Messaging in Clinical Care, Equity, and Clinician Workload: Scoping Review with ☸SAIMSARA",10.62487/saimsara35d5dc3f,,2026,article,excluded at screening,,review
X447,OpenAlex,Medical error impact and strategies for its prevention,10.5114/fmpcr.2024.142017,,2024,article,excluded at screening,,Reviewer: outside scope on title/abstract
X448,OpenAlex,Clinical Research on the Effect of Serum Bilirubin and Jaundice Subsided Staste for Treating Neonatal Jaundice Children with Yinchen Lizhong Decoction for Oral and Fumigation,,,2015,article,excluded at screening,,no randomized allocation
X449,OpenAlex,1881-P: CamAPS FX HCL System Improves HbA1c and Tir in T1DM Patients with Poorly Controlled Diabetes and Mental Health Challenges (HI-LOOP Study),10.2337/db26-1881-p,,2026,article,excluded at screening,,Reviewer: outside scope on title/abstract
X450,OpenAlex,Impacto de la formación en medicina narrativa en medicina. Revisión sistematizada de la literatura y estudio de intervención en médicos de familia,,,2017,dissertation,excluded at screening,,non-article publication type
X451,OpenAlex,"The Labour Market, Human Capital and Migration: Ageing and Stratification of Society",10.1108/s1569-375920240000115013/full/html?utm_source=repec&utm_medium=feed&utm_campaign=repec,,,article,excluded at screening,,no randomized allocation
X452,OpenAlex,Penerapan Teknik Reframing Untuk Mereduksi Tingkat Kejenuhan Belajar Siswa,10.31100/jurkam.v7i1.2643,,2023,article,excluded at screening,,no randomized allocation
X453,OpenAlex,In the Limelight: September 2020,10.1016/j.mayocp.2020.07.016,32861318,2020,article,excluded at screening,,Reviewer: outside scope on title/abstract
X454,OpenAlex,Physicians Give EHRs Failing Grade on Usability,10.1176/appi.pn.2019.12b13,,2020,article,excluded at screening,,no randomized allocation
X455,OpenAlex,Development and validation of a flow state scale for healthcare professionals,10.3389/fpsyg.2026.1751308,41993832,2026,article,excluded at screening,,no randomized allocation
X456,OpenAlex,Enhancing Clinical Decision Support System : Risk Stratification of Hepatological Disorders by Advanced Machine Learning Models,10.36948/ijfmr.2026.v08i02.73259,,2026,article,excluded at screening,,no randomized allocation
X457,OpenAlex,Factors associated with quiet quitting among public health specialists in Türkiye: a cross-sectional study,10.1186/s12889-026-28635-z,42471649,2026,article,excluded at screening,,no randomized allocation
X458,OpenAlex,Discussion Guide for the Lebet Article,10.4037/ajcc2021923,33385197,2021,article,excluded at screening,,Reviewer: outside scope on title/abstract
X459,OpenAlex,The Effect of Prior Work and Educational Experience on Medical School Small Group Case-Based Learning,,,2026,article,excluded at screening,,no randomized allocation
X460,OpenAlex,Mitä hyvinvointi on yksilöille ja kuinka heidän hyvinvointitietoa voitaisiin hyödyntää työterveyshuollossa?,,,2024,dissertation,excluded at screening,,non-article publication type
X461,OpenAlex,Reply,10.1053/j.gastro.2023.10.009,37839501,2023,letter,excluded at screening,,non-article publication type
X462,OpenAlex,"ACCC Report Shows a Year of Growth, Change & Progress",10.1097/01.cot.0001011420.07662.ce,,2024,article,excluded at screening,,no randomized allocation
X463,OpenAlex,ACCC Survey Stresses Workforce Challenges & Solutions,10.1097/01.cot.0000995180.15462.7a,,2023,article,excluded at screening,,no randomized allocation
X464,OpenAlex,Together Conference 2021 Poster Abstracts / Résumés des affiches du Congrès Ensemble 2021,10.4212/cjhp.v74i2.3110,,2021,article,excluded at screening,,no randomized allocation
X465,OpenAlex,How to Catalog Your Entire Home Without Losing Your Mind,10.5281/zenodo.20444985,,2026,other,excluded at screening,,burnout not mentioned
X466,OpenAlex,Analysing Nursing Workload in Intensive Care Unit by Using a Novel Objective Tracking System,10.26021/2784,,2015,dissertation,excluded at screening,,non-article publication type
X467,OpenAlex,"Indian healthcare worker’s issues, challenges and coping strategies during COVID-19 pandemic:A cross-sectional study (Preprint)",10.2196/preprints.45292,,2022,preprint,excluded at screening,,no randomized allocation
X468,OpenAlex,"Take me to hire love: emotional connection to fashion, responsible consumption and perceptions of fashion clothing rental",,,2025,conference-paper,excluded at screening,,no randomized allocation
X469,OpenAlex,"Employed Family Caregivers, Time, and Community-Based Support Policy",10.1093/ppar/prae022,,2024,article,excluded at screening,,burnout not mentioned
X470,OpenAlex,ACE (ALLIANCE FOR CLINICAL EDUCATION) ABSTRACTS: Abstracts From the Proceedings of the 2005 Annual Meeting of the Clerkship Directors in Internal Medicine (CDIM),10.1207/s15328015tlm1802_14,,2006,article,excluded at screening,,Reviewer: outside scope on title/abstract
X471,OpenAlex,Screen time and physical activity patterns among medical students: a comparative analysis of private and public institutions,10.33897/fumj.v8i1.201,,2026,article,excluded at screening,,no randomized allocation
X472,OpenAlex,Overlooking the obvious: the importance of communicating safety and risks of opioids-the Israeli context,10.3389/fphar.2024.1356968,38855742,2024,article,excluded at screening,,no randomized allocation
X473,OpenAlex,The Value of Vlogs,10.5204/mcj.3228,,2025,article,excluded at screening,,no randomized allocation
X474,OpenAlex,RAPID: A Communications Bundle to Improve Resident Well-Being,10.4300/jgme-d-18-00815.1,31210871,2019,article,excluded at screening,,no randomized allocation
X475,OpenAlex,BJOG Editor's Choice,10.1111/1471-0528.12362,,2013,article,excluded at screening,,Reviewer: outside scope on title/abstract
X476,OpenAlex,Clinicians Outline Strategies to Improve Cancer Care in U.S. Prisons,10.1097/01.cot.0000000000000283,,2026,article,excluded at screening,,no randomized allocation
X477,OpenAlex,Best Paper Selection,10.1055/s-0044-1800731,,2024,article,excluded at screening,,no randomized allocation
X478,OpenAlex,Inactivity exacerbates flies' senescence,10.1242/jeb.106625,,2014,article,excluded at screening,,burnout not mentioned
X479,OpenAlex,Journal Digest,10.1176/appi.pn.2018.3a17,,2018,other,excluded at screening,,Reviewer: outside scope on title/abstract
X480,OpenAlex,How You Can Begin Fixing the Effects of Climate Change,10.1097/01.cot.0000903804.71732.02,,2022,article,excluded at screening,,no randomized allocation
X481,OpenAlex,A Peek into the Ways Drug Companies Analyze Consumers,10.1097/01.cot.0000340702.14814.c5,,2008,article,excluded at screening,,Reviewer: outside scope on title/abstract
X482,OpenAlex,Scholarly Publishing With the American Urological Association—The Expansion of the “Voice of Urology” Into Open Access With the Journal of Urology Open Plus,10.1097/ju9.0000000000000005,,2022,editorial,excluded at screening,,non-article publication type
X483,OpenAlex,Case Report: Screw-Retained Zirconia Implant Restoration,10.1563/aaid-joi-d-14-00027,25642597,2015,article,excluded at screening,,Reviewer: outside scope on title/abstract
X484,OpenAlex,Compassion Fatigue in Middle Aged Public Health Nurses Working on Disaster Relief Teams,,,2005,article,excluded at screening,,no randomized allocation
X485,OpenAlex,AI-Powered Documentation for Mental Health Providers: A Preliminary Evaluation of the Smart Notes Tool (Preprint),10.2196/preprints.84628,,2025,preprint,excluded at screening,,no randomized allocation
X486,OpenAlex,Beyond the G.P.A.: Focusing on Student Well‐Being During First‐Year Professional Education,10.1096/fasebj.2021.35.s1.01656,,2021,article,excluded at screening,,Reviewer: outside scope on title/abstract
X487,OpenAlex,Sequential and Temporal Analysis of Human-generated Data,,,2019,dissertation,excluded at screening,,non-article publication type
X488,OpenAlex,Noteworthy Professional News,10.1097/anc.0000000000000481,,2018,article,excluded at screening,,Reviewer: outside scope on title/abstract
X489,OpenAlex,Can Collaborative Care Really Help Patients With Depression and Diabetes or Heart Disease?,10.1176/appi.pn.2016.11a19,,2016,article,excluded at screening,,Reviewer: outside scope on title/abstract
X490,OpenAlex,"OpenEMR-AI: An Open-Source Ambient AI Scribe Framework, Benchmark, and Blinded Physician Evaluation (Preprint)",10.2196/preprints.99662,,2026,preprint,excluded at screening,,Reviewer: outside scope on title/abstract
X491,OpenAlex,"25 Years of Neonatal Nursing Research in Advances in Neonatal Care: Trends, Lessons, and Future Directions",10.1097/anc.0000000000001332,41290316,2025,editorial,excluded at screening,,non-article publication type
X492,OpenAlex,Annals for Educators - July 2021,10.7326/awed202107200,34280340,2021,article,excluded at screening,,Reviewer: outside scope on title/abstract
X493,OpenAlex,Development Of A Vision-based Large Language Model For An Automated Ambient Endoscopic Report Scribe: A Scalable Approach With Clinical Potential,10.1055/s-0046-1822511,,2026,article,excluded at screening,,no randomized allocation
X494,OpenAlex,REACTIVITY BALANCE CALCULATIONS AND LONG-TERM REACTIVITY BEHAVIOR WITH $sup 235$U IN THE MSRE.,10.2172/4668056,,1972,report,excluded at screening,,no randomized allocation
X495,OpenAlex,A Progress Report on Delivering High-Quality Cancer Care,10.1097/01.cot.0001052032.33959.fe,,2024,article,excluded at screening,,no randomized allocation
X496,OpenAlex,PSTM 2019 Abstract Supplement,10.1097/01.gox.0000584192.17752.69,,2019,article,excluded at screening,,burnout not mentioned
X497,OpenAlex,The Efficiency of using KardiaMobile 6L in the Cardiac Electrophysiology Clinic,10.22541/au.172268145.56973678/v1,,2024,preprint,excluded at screening,,Reviewer: outside scope on title/abstract
X498,OpenAlex,The ripple effect of National Eligibility cum Entrance Test-Postgraduate examination delays: A multifaceted impact,10.4103/abhs.abhs_107_24,,2025,article,excluded at screening,,no randomized allocation
X499,OpenAlex,"Sarah Faris, MD",10.1097/upj.0000000000000398,,2023,article,excluded at screening,,Reviewer: outside scope on title/abstract
X500,OpenAlex,Commentary to “The Difficult Airway” Resident Portfolio,10.1111/j.1553-2712.2009.00566.x,20053260,2009,article,excluded at screening,,Reviewer: outside scope on title/abstract
X501,OpenAlex,Plastic and Reconstructive Surgery Highlights: Plastic Surgery Focus,10.1097/prs.0000000000012139,41428805,2025,article,excluded at screening,,Reviewer: outside scope on title/abstract
X502,OpenAlex,Oncology Times at 40,10.1097/01.cot.0000534144.46086.7f,,2018,article,excluded at screening,,no randomized allocation
X503,OpenAlex,Abstract Authors,10.1016/j.jogc.2024.102470,,2024,conference-abstract,excluded at screening,,Reviewer: outside scope on title/abstract
X504,OpenAlex,A*CENSUS II: All Archivists Survey Report,10.17723/2327-9702-86.1.18,,2023,article,excluded at screening,,no randomized allocation
X505,OpenAlex,Preisverleihung Holzschuh-Preis für Komplementärmedizin 2022,10.1055/a-1965-2132,,2022,article,excluded at screening,,Reviewer: outside scope on title/abstract
X506,OpenAlex,Dream big: Sam Prince inspires Notre Dame alumni,,,2012,article,excluded at screening,,burnout not mentioned
X507,OpenAlex,SOCIETY OF CRITICAL CARE MEDICINE 52ND CRITICAL CARE CONGRESS,10.1097/01.ccm.0000905876.09484.ac,,2022,article,excluded at screening,,burnout not mentioned
X508,OpenAlex,Paso a paso se va muy lejos : Traveling the Path with AFS,10.5406/15351882.135.537.01,,2022,article,excluded at screening,,burnout not mentioned
X509,OpenAlex,IQ Processing Enhancement and Quantum Synaptic Links.,10.5281/zenodo.18993682,,2026,article,excluded at screening,,no randomized allocation
X510,OpenAlex,Special Report,10.1097/01.eem.0000524786.51809.71,,2017,article,excluded at screening,,Reviewer: outside scope on title/abstract
X511,OpenAlex,Why So Many Formats When One Will Do? A Call for a Single Manuscript Submission Format,10.1097/sla.0000000000004959,34784670,2021,article,excluded at screening,,no randomized allocation
X512,OpenAlex,A través de los ojos de los demás: tres ensayos sobre la toma de perspectiva en el espíritu empresarial / Through others' eyes: three essays on perspective taking in entrepreneurship,10.5281/zenodo.7641202,,2021,dissertation,excluded at screening,,non-article publication type
X513,OpenAlex,Life in Emergistan,10.1097/01.eem.0000874704.20567.bf,,2022,article,excluded at screening,,no randomized allocation
X514,OpenAlex,ASCO's New Status Update on U.S. Cancer Care Shows Both Optimism and Concerns,10.1097/01.cot.0000465163.27562.1b,,2015,article,excluded at screening,,no randomized allocation
X515,OpenAlex,ASCO '03 in Chicago,10.1097/01.cot.0000295181.15121.87,,2003,article,excluded at screening,,Reviewer: outside scope on title/abstract
X516,OpenAlex,"Abstracts Presented at the 22nd Annual International Meeting on Simulation in Healthcare, January 15–19, 2022, Los Angeles, CA",10.1097/sih.0000000000000648,35104834,2022,conference-abstract,excluded at screening,,burnout not mentioned
X517,OpenAlex,ACCC 49th Annual Meeting & Cancer Center Business Summit,10.1097/01.cot.0000932000.95752.94,,2023,article,excluded at screening,,no randomized allocation
X518,OpenAlex,"IMMORTAL TEK WHITE PAPER v1.0: The CollectiveOS Family Health Engine A Constraint-Governed, Disability-Aware, Stress-Stabilized Household Operating System",10.5281/zenodo.17847082,,2025,dataset,excluded at screening,,non-article publication type
X519,OpenAlex,Telework,,,2020,article,excluded at screening,,Reviewer: outside scope on title/abstract
X520,OpenAlex,"Title The Inner and Outer Dual-Loop Dynamics of High-Logic Evolutionary Entities On the Minimum Structure of the God-Principle, Logical Fatigue, and the Fourth Evolutionary Reversal",10.5281/zenodo.20312038,,2026,preprint,excluded at screening,,no randomized allocation
X521,OpenAlex,Violence against Doctors – A Call for Justice and Systemic Reform,10.4103/jme.jme_141_24,,2024,article,excluded at screening,,no randomized allocation
X522,OpenAlex,Compound variables continue to cloud AuD extern landscape,10.1097/01.hj.0000396584.52118.22,,2011,article,excluded at screening,,burnout not mentioned
X523,OpenAlex,MIDEC 2024 Abstracts,10.4103/mdj.mdj_21_24,,2024,article,excluded at screening,,burnout not mentioned
X524,OpenAlex,How Lifestyle Brands Use Curated Picks to Boost Engagement on Fridays,10.5281/zenodo.17538759,,2025,article,excluded at screening,,no randomized allocation
X525,OpenAlex,First Person,10.1097/01.eem.0000696084.51040.99,,2020,article,excluded at screening,,no randomized allocation
X526,OpenAlex,Orthopaedic Surgery,10.1097/xcs.0000000000001563,,2025,article,excluded at screening,,burnout not mentioned
X527,OpenAlex,Abstracts* of Platform Presentations at the 2015 Combined Sections Meeting,10.1097/pep.0000000000000123,,2015,conference-abstract,excluded at screening,,burnout not mentioned
X528,OpenAlex,Strait is the Way,10.5406/15549399.57.3.13,,2024,article,excluded at screening,,burnout not mentioned
