sid,source_db,title,doi,pmid,year,publication_type,decision,exclusion_criterion,note
P001,PubMed (MeSH),The effectiveness of mindfulness-based interventions in enhancing resilience and mitigating occupational burnout among nurses: A meta-analysis of randomized controlled trials.,10.1016/j.apnr.2026.152125,42785818,2026,Journal Article;Meta-Analysis;Systematic Review,excluded at screening,,non-article publication type or review
P002,PubMed (MeSH),"Mindfulness-Based Interventions for Nurses: A Meta-Analysis of Effects on Compassion Fatigue, Job Burnout, and Traumatic Stress.",10.1111/inr.70245,42742488,2026,Journal Article;Meta-Analysis;Systematic Review,excluded at screening,,non-article publication type or review
P003,PubMed (MeSH),Protocol for project FIERCE: A randomized controlled trial to evaluate a positive emotion-focused meditation intervention for physicians with elevated stress.,10.1371/journal.pone.0357906,42715216,2026,Journal Article;Randomized Controlled Trial,excluded at screening,,protocol
P004,PubMed (MeSH),Workplace Mental Health Programs for Healthcare Workers: A Systematic Review.,10.3390/ijerph23081002,42652317,2026,Journal Article;Systematic Review,excluded at screening,,non-article publication type or review
P005,PubMed (MeSH),"A Resiliency Intervention to Support Nurses Engaged in the Provision of HIV Care in KwaZulu-Natal, South Africa: Protocol for a Pilot Randomized Controlled Trial.",10.2196/79777,42358082,2026,"Clinical Trial Protocol;Journal Article;Research Support, N.I.H., Extramural",excluded at screening,,protocol
P006,PubMed (MeSH),"A feasibility study of an Evidence-informed, Competency-based, Accredited, Compassion Training (EnACT) program.",10.1186/s12909-026-09716-4,42332674,2026,Journal Article,excluded at screening,,no digital delivery wording
P007,PubMed (MeSH),DEEP SELF-REGULATION METHOD: A HYPNOTHERAPEUTICAL AND COACHING APPROACH TO STRESS AND BURNOUT.,,42289115,2026,Journal Article;Randomized Controlled Trial,excluded,DIGITAL,Hypnotherapy and coaching modules; digital delivery not reported
P008,PubMed (MeSH),A pilot study of the Hopetimize program for pediatric oncology healthcare professionals.,10.1093/jncics/pkag060,42275191,2026,Journal Article,excluded,DESIGN,Single-arm pilot
P009,PubMed (MeSH),The effect of yoga on the level of burnout and happiness in midwifery students: randomized controlled study.,10.1186/s40359-026-04882-y,42204592,2026,Journal Article;Randomized Controlled Trial,excluded at screening,,no digital delivery wording
P010,PubMed (MeSH),Efficacy of Short Course Cognitive Behavioral Therapy on Stress Reduction Among First-Year Surgical Residents.,10.1016/j.jsurg.2026.103957,42096924,2026,Journal Article;Randomized Controlled Trial,excluded at screening,,no digital delivery wording
P011,PubMed (MeSH),Pilot test of an adapted relational savoring intervention for Latine-serving community health workers.,10.1037/cou0000875,42080865,2026,Journal Article;Randomized Controlled Trial,excluded at screening,,no digital delivery wording
P012,PubMed (MeSH),Self-compassion as a well-being strategy against burnout among dentists: a controlled intervention study.,10.1186/s40359-026-04571-w,42010743,2026,Journal Article,excluded at screening,,no digital delivery wording
P013,PubMed (MeSH),Interventions to reduce occupational burnout in general practitioners: a systematic review and meta-analysis protocol.,10.3389/fpubh.2026.1748369,41988572,2026,Journal Article,excluded at screening,,review
P014,PubMed (MeSH),Effectiveness of Balint group interventions for physician burnout: a systematic review and meta-analysis protocol.,10.1136/bmjopen-2026-116435,41985952,2026,Journal Article,excluded at screening,,review
P015,PubMed (MeSH),A Gamified Wellness Program is Associated With Reduced Emotional Exhaustion in Surgical Residents.,10.1016/j.jsurg.2026.103940,41946216,2026,Journal Article;Randomized Controlled Trial,excluded,DESIGN,Participants randomized to teams; no control arm or between-group comparison
P016,PubMed (MeSH),Mindfulness meditation and its impact on nurses' professional quality of life in psychiatric wards.,10.1016/j.apnr.2026.152059,41826028,2026,Journal Article;Randomized Controlled Trial,excluded,DIGITAL,Eight-session mindfulness training; no digital delivery reported
P017,PubMed (MeSH),The effect of group clinical supervision on the burnout levels among midwives: a cluster randomised controlled trial.,10.1186/s12884-026-08866-z,41776497,2026,Journal Article;Randomized Controlled Trial;Equivalence Trial,excluded at screening,,no digital delivery wording
P018,PubMed (MeSH),Comparing ambient scribes: a randomized crossover clinical trial addressing ambient scribe technologies' impact on physician burnout.,10.1093/jamia/ocag018,41729180,2026,Journal Article;Randomized Controlled Trial;Comparative Study,included,,Randomized crossover trial of two ambient AI scribes; Copenhagen Burnout Inventory
P019,PubMed (MeSH),Coaching for Personal and Professional Development in Academic Surgery: A Conceptual Framework.,10.1016/j.jss.2026.01.030,41722455,2026,Journal Article;Review,excluded at screening,,non-article publication type or review
P020,PubMed (MeSH),Interventions Promoting Work Engagement and Reducing Turnover of Newly Graduated Nurses: A Systematic Review.,10.1002/nop2.70434,41692946,2026,Journal Article;Systematic Review,excluded at screening,,non-article publication type or review
P021,PubMed (MeSH),The efficacy of an integrated empowerment and narrative nursing program on enhancing professional identity and alleviating burnout among neonatal nurses: a cluster randomized controlled trial.,10.3389/fpubh.2025.1745441,41641043,2025,Journal Article;Randomized Controlled Trial,excluded,DIGITAL,Empowerment education and narrative nursing sessions; no digital delivery reported
P022,PubMed (MeSH),"Individual-Focused Interventions for Physician Burnout: A Meta-Analysis of Mindfulness, Coaching, and Peer Support.",10.3390/medicina62010039,41597325,2025,Journal Article;Meta-Analysis;Review,excluded at screening,,non-article publication type or review
P023,PubMed (MeSH),"Work Hours, Stress, and Burnout Among Resident Physicians.",10.1001/jamanetworkopen.2025.53974,41533375,2026,"Journal Article;Research Support, N.I.H., Extramural",excluded at screening,,Reviewer: Cross-sectional analysis of a trial's baseline survey
P024,PubMed (MeSH),Impact of a booster intervention of the 'More Time at Patients' Side' programme on patients and healthcare professionals in a Swiss hospital: protocol for a cluster randomised controlled trial.,10.1136/bmjopen-2025-104027,41529885,2026,Journal Article;Clinical Trial Protocol,excluded at screening,,protocol
P025,PubMed (MeSH),"Investigation of professional values education's effect on pediatric nurses' perception of professional values, emotional labour behaviours and burnout levels: A randomised controlled trial.",10.1016/j.pedn.2025.12.030,41518791,2026,Journal Article;Randomized Controlled Trial,excluded at screening,,no digital delivery wording
P026,PubMed (MeSH),[Effectiveness of using non-drug technologies to increase stress resistance in persons with extreme work profile and susceptible for professional burnout].,10.17116/kurort202510205291,41384523,2025,Journal Article;Randomized Controlled Trial;English Abstract,excluded at screening,,no digital delivery wording
P027,PubMed (MeSH),Implemented Interventions for Surgeon Well-Being: A Scoping Review.,10.1016/j.jss.2025.11.020,41352208,2026,"Journal Article;Scoping Review;Research Support, N.I.H., Extramural",excluded at screening,,non-article publication type or review
P028,PubMed (MeSH),The Efficacy of Aromatherapy on Well-Being and Stress.,10.1111/nicc.70270,41330862,2026,Journal Article;Randomized Controlled Trial,excluded at screening,,no digital delivery wording
P029,PubMed (MeSH),Reducing burnout and enhancing mindfulness: a prospective longitudinal study of a wellness curriculum for first-year nursing students.,10.1080/07448481.2025.2583204,41308184,2026,"Journal Article;Research Support, Non-U.S. Gov't",excluded at screening,,no digital delivery wording
P030,PubMed (MeSH),Initiatives to Support the Homelife of Women Physicians: A Systematic Review.,10.1007/s11606-025-09972-y,41261336,2026,Journal Article;Systematic Review,excluded at screening,,non-article publication type or review
P031,PubMed (MeSH),Efficacy of Individual-Level Interventions to Mitigate the Risk for Burnout Among Health Care Professionals : A Systematic Review and Meta-analysis of Randomized Controlled Trials.,10.7326/ANNALS-25-00469,41248499,2026,Journal Article;Meta-Analysis;Systematic Review,excluded at screening,,non-article publication type or review
P032,PubMed (MeSH),Self-Efficacy-Based intervention for stress management in health centers employees.,10.1186/s40359-025-03538-7,41214837,2025,Journal Article;Randomized Controlled Trial,excluded at screening,,no digital delivery wording
P033,PubMed (MeSH),Academic burnout and coping strategies in healthcare students: a scoping review.,10.1080/10872981.2025.2579392,41208136,2025,Journal Article;Scoping Review,excluded at screening,,non-article publication type or review
P034,PubMed (MeSH),Positive communication for decreasing burnout in intensive-care-unit staff: a cluster-randomized trial.,10.1007/s00134-025-08134-2,41165789,2025,"Journal Article;Randomized Controlled Trial;Pragmatic Clinical Trial;Research Support, Non-U.S. Gov't",excluded,DIGITAL,"Posters, greetings and message boxes; email nudges were a minor component"
P035,PubMed (MeSH),Comparing Prevalence of Burnout in Psychiatric Doctors Before and After the COVID-19 Pandemic: A Systematic Review and Meta-Analysis.,10.4088/JCP.24r15697,41037751,2025,"Journal Article;Systematic Review;Meta-Analysis;Research Support, Non-U.S. Gov't",excluded at screening,,non-article publication type or review
P036,PubMed (MeSH),Health care worker experiences with a brief peer support and well-being intervention during the COVID-19 pandemic.,10.1186/s12913-025-13268-6,41029307,2025,Journal Article;Randomized Controlled Trial,excluded at screening,,no digital delivery wording
P037,PubMed (MeSH),Psilocybin-assisted group psychotherapy and mindfulness-based stress reduction for frontline healthcare provider COVID-19-related depression and burnout: A randomized controlled trial.,10.1371/journal.pmed.1004519,40972137,2025,Journal Article;Randomized Controlled Trial,excluded at screening,,no digital delivery wording
P038,PubMed (MeSH),"Nurses' moral suffering, burnout and turnover intentions: A two-wave study.",10.1177/09697330251366617,40911354,2026,"Journal Article;Research Support, Non-U.S. Gov't",excluded at screening,,no digital delivery wording
P039,PubMed (MeSH),An adaptive simulation intervention decreases emergency physician physiologic stress while caring for patients during COVID-19: A randomized clinical trial.,10.1371/journal.pone.0331488,40901855,2025,Journal Article;Randomized Controlled Trial,excluded,BURNOUT,Outcomes were heart-rate variability and anxiety
P040,PubMed (MeSH),"Recruitment, retention and recouperation: lessons learned from a study aimed at assessing burnout mitigation in physician learners.",10.1186/s13104-025-07435-5,40890847,2025,Journal Article;Randomized Controlled Trial,included,,"ACT vs virtual body mapping, both delivered by videoconference, in physician learners; MBI (full text checked)"
P041,PubMed (MeSH),"Fortifying the Nursing Workforce: Nursing-Led Psychological Capital Interventions to Advance Resilience, Occupational Hardiness, and Engagement: A Randomized Controlled Trial.",10.1111/inr.70094,40810664,2025,Journal Article;Randomized Controlled Trial,excluded at screening,,burnout not mentioned
P042,PubMed (MeSH),Acceptance and commitment therapy- based intervention to improve psychological skills and resilience in surgical trainees: a randomised waitlist-controlled trial.,10.1186/s12893-025-03059-5,40721794,2025,Journal Article;Randomized Controlled Trial,excluded at screening,,no digital delivery wording
P043,PubMed (MeSH),Efficacy of enhanced stress resilience training for intensive-care unit nurses: a randomized waitlist control trial.,10.1016/j.apnr.2025.151965,40473367,2025,"Journal Article;Randomized Controlled Trial;Research Support, Non-U.S. Gov't",excluded at screening,,no digital delivery wording
P044,PubMed (MeSH),"Burnout, Mental Health, and Workplace Characteristics: Contributors and Protective Factors Associated With Suicidal Ideation in High-Risk Nurses.",10.1111/wvn.70042,40471927,2025,Journal Article,excluded at screening,,Reviewer: Cross-sectional survey
P045,PubMed (MeSH),Interventions for burnout and well-being in homelessness staff: A systematic scoping review.,10.1371/journal.pone.0309866,40397915,2025,Journal Article;Scoping Review,excluded at screening,,non-article publication type or review
P046,PubMed (MeSH),Cultivating Resilience: Meta-Analysis of Mindfulness-Based Training for Nurse Stress and Burnout Mitigation.,10.3928/02793695-20250506-02,40359444,2026,Journal Article;Meta-Analysis,excluded at screening,,review
P047,PubMed (MeSH),Effects of traditional music therapy on the psycho-neuro-immuno-endocrine aspect of burnout syndrome in healthcare workers: A randomized controlled trial.,10.52225/narra.v5i1.1686,40352215,2025,Journal Article;Randomized Controlled Trial,excluded at screening,,no digital delivery wording
P048,PubMed (MeSH),Effects of a gratitude intervention on job engagement among newly recruited nurses: A randomized clinical trial.,10.1177/10519815241289340,40297871,2025,Journal Article;Randomized Controlled Trial,excluded at screening,,no digital delivery wording
P049,PubMed (MeSH),"Effect of Heartfulness Meditation on Stress Biomarkers, Burnout and Well-Being: A Randomized Controlled Study.",10.1002/smi.70034,40271908,2025,Journal Article;Randomized Controlled Trial,excluded,POP,Participants aged 18-24 years with perceived stress; not a working population
P050,PubMed (MeSH),Creative strengthening groups as a potential intervention to enhance job satisfaction and reduce levels of burnout in healthcare professionals: results from the randomized controlled trial UPGRADE.,10.1186/s12913-025-12644-6,40247351,2025,Journal Article;Randomized Controlled Trial,excluded at screening,,no digital delivery wording
P051,PubMed (MeSH),Interventions to Reduce Compassion Fatigue in Nursing: A Systematic Review and Meta-Analysis of Controlled Studies.,10.1111/inr.70023,40243496,2025,Journal Article;Meta-Analysis;Systematic Review,excluded at screening,,non-article publication type or review
P052,PubMed (MeSH),Complementary Medicine for Treating Emotional Exhaustion and Burnout of Frontline Healthcare Providers during the COVID-19 Pandemic.,,40170644,2025,Journal Article;Observational Study,excluded at screening,,no digital delivery wording
P053,PubMed (MeSH),Burnout among health professionals working in oncology: current evidence and challenges for future research.,10.1097/CCO.0000000000001132,40065661,2025,Journal Article;Review,excluded at screening,,non-article publication type or review
P054,PubMed (MeSH),The WellNext Scan: Validity evidence of a new team-based tool to map and support physicians' well-being in the clinical working context.,10.1371/journal.pone.0319038,40009581,2025,Journal Article;Multicenter Study,excluded at screening,,no digital delivery wording
P055,PubMed (MeSH),"Effects of four-week mindfulness training on job pressure, burnout, and coping strategies in sports coaches: A randomised controlled trial.",10.1177/10519815251317310,39973653,2025,Journal Article;Randomized Controlled Trial,excluded at screening,,no digital delivery wording
P056,PubMed (MeSH),"Effect of Coaching on Trainee Burnout, Professional Fulfillment, and Errors: A Randomized Controlled Trial.",10.1097/ACM.0000000000005999,39961095,2025,"Journal Article;Randomized Controlled Trial;Research Support, Non-U.S. Gov't",excluded at screening,,no digital delivery wording
P057,PubMed (MeSH),Interventions Targeting Resistance and Resilience Among Emergency Medical Service Clinicians: A Systematic Review.,10.1080/10903127.2025.2465712,39937104,2026,Journal Article;Systematic Review,excluded at screening,,non-article publication type or review
P058,PubMed (MeSH),Effectiveness of a Brief Mindfulness-Based Intervention on Compassion Fatigue and Compassion Satisfaction in Pediatric Nurses.,10.1111/wvn.70002,39936312,2025,Journal Article;Randomized Controlled Trial,excluded at screening,,no digital delivery wording
P059,PubMed (MeSH),"Interventions for Compassion Fatigue, Burnout, and Secondary Traumatic Stress in Nurses: A Systematic Review and Network Meta-Analysis.",10.1111/nhs.70042,39887608,2025,Journal Article;Network Meta-Analysis;Systematic Review,excluded at screening,,non-article publication type or review
P060,PubMed (MeSH),Assessing the effect of On-site supportive communication training (On-site SCT) on doctor burnout: a randomized controlled trial.,10.1186/s12909-025-06710-0,39849449,2025,Journal Article;Randomized Controlled Trial;Multicenter Study,excluded at screening,,no digital delivery wording
P061,PubMed (MeSH),Network intervention analysis to assess the trajectory of change and intervention effects associated with the use of self-control training for ego depletion aftereffects.,10.1186/s40359-024-02326-z,39754222,2025,Journal Article;Randomized Controlled Trial,excluded at screening,,no randomized allocation
P062,PubMed (MeSH),Addressing Methodological Challenges in Follow-Up RCTs During the COVID-19 Pandemic: The Impact of the Good Behavior Game and MyTeachingPartner™ on Teacher Burnout and Self-Efficacy.,10.1007/s11121-024-01757-9,39747783,2026,Journal Article;Randomized Controlled Trial,excluded at screening,,no digital delivery wording
P063,PubMed (MeSH),Protocol of randomized-controlled trial to examine the effectiveness of three different interventions to reduce healthcare provider burnout.,10.1186/s12913-024-12131-4,39716202,2024,Clinical Trial Protocol;Journal Article,excluded at screening,,protocol
P064,PubMed (MeSH),Creative Arts Therapy Reduces Psychological Distress in Nonpatient-Facing Healthcare Workers.,10.1016/j.amjmed.2024.12.002,39708900,2025,Journal Article;Randomized Controlled Trial,excluded at screening,,no digital delivery wording
P065,PubMed (MeSH),Exploring the Impact of a Targeted Positive Psychological Intervention on Healthcare Workers' Subjective Happiness.,10.1097/NNA.0000000000001526,39704430,2025,Journal Article;Randomized Controlled Trial,excluded at screening,,no digital delivery wording
P066,PubMed (MeSH),"Examining the Impact of Moral Injury on Burnout, Impostor Syndrome, and Low Self-Compassion Among Female Medical Trainees: A Secondary Analysis.",10.1016/j.mayocp.2024.07.015,39631988,2024,Journal Article,excluded at screening,,no digital delivery wording
P067,PubMed (MeSH),"Development of a Brief, Positively Framed Care Team Experience Measure.",10.1097/CORR.0000000000003336,39625301,2025,Journal Article,excluded at screening,,no digital delivery wording
P068,PubMed (MeSH),Mechanisms of change in compassion-based programs for medical students.,10.1038/s41598-024-81557-x,39623074,2024,Journal Article;Randomized Controlled Trial,excluded at screening,,no digital delivery wording
P069,PubMed (MeSH),Does mindfulness-based stress reduction training have an impact on the occupational burnout and stress experienced by nurses? A randomized controlled trial.,10.1007/s00420-024-02078-8,39601884,2025,Journal Article;Randomized Controlled Trial,excluded at screening,,no digital delivery wording
P070,PubMed (MeSH),"The Impact of Implementing Virtual Diabetes Group Visits on Staff and Provider Wellbeing, Job Satisfaction, and Burnout: A Mixed Methods Analysis.",10.1111/jep.14238,39600201,2025,"Journal Article;Randomized Controlled Trial;Research Support, N.I.H., Extramural",excluded,REPORT,Pre-post analysis of staff within a cluster randomized trial of patient group visits; no randomized comparison of burnout
P071,PubMed (MeSH),Feasibility and effectiveness of the mindfulness-based stress reduction programs on relieving burnout of healthcare providers during the COVID-19 pandemic: a pilot randomized controlled trial in China.,10.1186/s12960-024-00959-0,39567987,2024,"Journal Article;Randomized Controlled Trial;Research Support, Non-U.S. Gov't",excluded at screening,,no digital delivery wording
P072,PubMed (MeSH),Facilitating and limiting factors in the implementation of Revie ⊕ among registered nurses: A multimethod study.,10.1016/j.ejon.2024.102722,39547123,2024,Journal Article;Randomized Controlled Trial,excluded at screening,,no digital delivery wording
P073,PubMed (MeSH),Individual and organizational interventions to reduce burnout in resident physicians: a systematic review and meta-analysis.,10.1186/s12909-024-06195-3,39478552,2024,Journal Article;Meta-Analysis;Systematic Review,excluded at screening,,non-article publication type or review
P074,PubMed (MeSH),Rural healthcare workers' well-being: A systematic review of support interventions.,10.1037/fsh0000921,39418422,2024,"Journal Article;Systematic Review;Research Support, N.I.H., Extramural",excluded at screening,,non-article publication type or review
P075,PubMed (MeSH),"Should I Stay, or Should I Go? Emotional Exhaustion's Association with Intent to Leave in a National Sample of Female Physician Trainees.",10.1089/jwh.2024.0470,39348337,2025,Journal Article,excluded at screening,,no digital delivery wording
P076,PubMed (MeSH),Effects of Mentorship on Surgery Residents' Burnout and Well-Being: A Scoping Review.,10.1016/j.jsurg.2024.08.001,39260037,2024,Journal Article;Scoping Review,excluded at screening,,non-article publication type or review
P077,PubMed (MeSH),Conducting Physician Engagement Research in a Pandemic: Persevering when Burnout Mitigation Is Needed Most.,10.1089/jpm.2023.0353,39185564,2024,"Journal Article;Research Support, Non-U.S. Gov't",excluded at screening,,no digital delivery wording
P078,PubMed (MeSH),Effect of Mindfulness Intervention on Compassion Fatigue Among Nurses: A Randomized Controlled Trial Study.,10.1097/HNP.0000000000000687,39166821,2026,Journal Article;Randomized Controlled Trial,excluded at screening,,no digital delivery wording
P079,PubMed (MeSH),The Effectiveness of Group Interpersonal Therapy on Burnout Among Long-Term Care Workers.,10.1111/opn.12639,39148413,2024,Journal Article;Randomized Controlled Trial,excluded at screening,,no digital delivery wording
P080,PubMed (MeSH),Prevalence of burnout among military personnel in the plateau region of China: a cross-sectional survey.,10.1186/s12889-024-19340-w,39014372,2024,"Journal Article;Research Support, Non-U.S. Gov't",excluded at screening,,no digital delivery wording
P081,PubMed (MeSH),Intervention Research of Narrative Nursing on the Psychological Problems of the Caregivers Under the Normalization of the Epidemic.,,38940786,2024,Journal Article,excluded at screening,,no digital delivery wording
P082,PubMed (MeSH),The Impact of Loving-Kindness Meditation on Job-Related Burnout of Nurses Working in Neonatal Intensive Care Unit: A Randomized Clinical Trial Study.,10.1097/HNP.0000000000000657,38924722,2024,"Journal Article;Randomized Controlled Trial;Research Support, Non-U.S. Gov't",included,,Loving-kindness audio programme delivered virtually to NICU nurses vs educational files; MBI
P083,PubMed (MeSH),"The initial validation of an Evidence-informed, competency-based, Applied Compassion Training (EnACT) program: a multimethod study.",10.1186/s12909-024-05663-0,38907199,2024,Journal Article;Validation Study,excluded at screening,,no digital delivery wording
P084,PubMed (MeSH),Mindfulness-based interventions for improving mental health of frontline healthcare professionals during the COVID-19 pandemic: a systematic review.,10.1186/s13643-024-02574-5,38902795,2024,Journal Article;Systematic Review,excluded at screening,,non-article publication type or review
P085,PubMed (MeSH),"The Work-life Check-ins randomized controlled trial: A leader-based adaptive, semi-structured burnout intervention in primary care clinics.",10.1016/j.cct.2024.107609,38878996,2024,"Clinical Trial Protocol;Journal Article;Research Support, U.S. Gov't, Non-P.H.S.",excluded at screening,,protocol
P086,PubMed (MeSH),The impact of mindfulness-based stress reduction training on the occupational stress and burnout experienced by nurses in geriatric wards? A randomized controlled trial.,10.1016/j.gerinurse.2024.05.034,38878737,2024,Journal Article;Randomized Controlled Trial,excluded at screening,,no digital delivery wording
P087,PubMed (MeSH),Impact of heartfulness meditation practice compared to the gratitude practices on wellbeing and work engagement among healthcare professionals: Randomized trial.,10.1371/journal.pone.0304093,38848338,2024,Journal Article;Randomized Controlled Trial,included,,Trainer-guided virtual Heartfulness meditation vs podcast-based gratitude practice; ProQOL burnout
P088,PubMed (MeSH),Effects of standardized mindfulness programs on burnout: a systematic review and original analysis from randomized controlled trials.,10.3389/fpubh.2024.1381373,38841654,2024,Journal Article;Systematic Review,excluded at screening,,non-article publication type or review
P089,PubMed (MeSH),The effects of mindfulness-based interventions on alleviating academic burnout in medical students: a systematic review and meta-analysis.,10.1186/s12889-024-18938-4,38802770,2024,"Journal Article;Systematic Review;Meta-Analysis;Research Support, Non-U.S. Gov't",excluded at screening,,non-article publication type or review
P090,PubMed (MeSH),Psychological Group Interventions for Reducing Distress Symptoms in Healthcare Workers: A Systematic Review.,10.1002/cpp.2980,38706143,2024,Journal Article;Systematic Review,excluded at screening,,non-article publication type or review
P091,PubMed (MeSH),"Coaching Program to Address Burnout, Well-being, and Professional Development in Pediatric Surgery Trainees: A Randomized Controlled Trial.",10.1097/SLA.0000000000006257,38451826,2024,"Journal Article;Randomized Controlled Trial;Research Support, Non-U.S. Gov't",included,,Virtual coaching vs wellness reading for pediatric surgery trainees; burnout measured
P092,PubMed (MeSH),Mindfulness-based Interventions for Surgeons: A Scoping Review.,10.1097/SLA.0000000000006213,38258586,2025,"Journal Article;Scoping Review;Research Support, Non-U.S. Gov't",excluded at screening,,non-article publication type or review
P093,PubMed (MeSH),Comparison of Mindfulness Practices for Effectiveness of Stress and Burnout Reduction in Healthcare Staff.,10.1177/08980101231219304,38111298,2024,Journal Article;Randomized Controlled Trial,excluded at screening,,no digital delivery wording
P094,PubMed (MeSH),Interventions to reduce burnout and improve the mental health of nurses during the COVID-19 pandemic: A systematic review of randomised controlled trials with meta-analysis.,10.1111/inm.13251,37985559,2024,Journal Article;Meta-Analysis;Systematic Review,excluded at screening,,non-article publication type or review
P095,PubMed (MeSH),Interventions to Reduce Electronic Health Record-Related Burnout: A Systematic Review.,10.1055/a-2203-3787,37923381,2024,Systematic Review;Journal Article,excluded at screening,,non-article publication type or review
P096,PubMed (MeSH),Systematic Review and Meta-Analysis of Randomized Trials Testing Interventions to Reduce Physician Burnout.,10.1016/j.amjmed.2023.10.003,37890569,2024,Meta-Analysis;Systematic Review;Journal Article,excluded at screening,,non-article publication type or review
P097,PubMed (MeSH),Art therapy-based interventions to address burnout and psychosocial distress in healthcare workers-a systematic review.,10.1186/s12913-023-09958-8,37794353,2023,Journal Article;Systematic Review,excluded at screening,,non-article publication type or review
P098,PubMed (MeSH),Organizational interventions and occupational burnout: a meta-analysis with focus on exhaustion.,10.1007/s00420-023-02009-z,37758838,2023,"Journal Article;Meta-Analysis;Review;Research Support, Non-U.S. Gov't",excluded at screening,,non-article publication type or review
P099,PubMed (MeSH),Guided self-help mindfulness-based intervention for increasing psychological resilience and reducing job burnout in psychiatric nurses: A randomized controlled trial.,10.1111/ijn.13204,37727093,2024,"Journal Article;Randomized Controlled Trial;Research Support, Non-U.S. Gov't",excluded at screening,,no digital delivery wording
P100,PubMed (MeSH),Creative Arts Therapy for Healthcare Professionals Is Associated With Long-Term Improvements in Psychological Distress.,10.1097/JOM.0000000000002963,37705403,2023,"Randomized Controlled Trial;Journal Article;Research Support, Non-U.S. Gov't",excluded at screening,,no digital delivery wording
P101,PubMed (MeSH),"FIRECARE: An Evidence-Based Prevention Program to Reduce Burnout among Prehospital Caregivers: Benefits of a Combined Mindfulness, Heart Coherence Training, and Positive Psychology Intervention.",10.1080/10903127.2023.2258204,37698362,2024,Clinical Trial;Journal Article,excluded at screening,,no digital delivery wording
P102,PubMed (MeSH),Examining the effects of physician burnout on pain management for patients with advanced lung cancer.,10.1007/s00520-023-07899-w,37458824,2023,Journal Article,excluded at screening,,Reviewer: Observational study
P103,PubMed (MeSH),Intervention for burnout and irrational beliefs in parents of couples seeking a divorce: A critical reflection of Igbo-African marital discord.,10.1097/MD.0000000000034221,37417632,2023,Journal Article,excluded at screening,,no digital delivery wording
P104,PubMed (MeSH),Self-Compassion Interventions to Target Secondary Traumatic Stress in Healthcare Workers: A Systematic Review.,10.3390/ijerph20126109,37372696,2023,Systematic Review;Journal Article,excluded at screening,,non-article publication type or review
P105,PubMed (MeSH),A compassion-based program to reduce psychological distress in medical students: A pilot randomized clinical trial.,10.1371/journal.pone.0287388,37352295,2023,Randomized Controlled Trial;Journal Article,excluded at screening,,no digital delivery wording
P106,PubMed (MeSH),Coping strategy for work-family conflict and burnout in construction industrial adult workers: A philosophical highlight.,10.1097/MD.0000000000033933,37335679,2023,Journal Article;Randomized Controlled Trial,excluded at screening,,no digital delivery wording
P107,PubMed (MeSH),The Impact of a Psychoeducational Group Program on the Mental Well-Being of Unit-Based Nurse Leaders: A Randomized Controlled Trial.,10.3390/ijerph20116035,37297639,2023,Randomized Controlled Trial;Journal Article,excluded at screening,,no digital delivery wording
P108,PubMed (MeSH),"Effect of Structural Moral Case Deliberation on Burnout Symptoms, Moral Distress, and Team Climate in ICU Professionals: A Parallel Cluster Randomized Trial.",10.1097/CCM.0000000000005940,37272981,2023,"Randomized Controlled Trial;Journal Article;Research Support, Non-U.S. Gov't",excluded at screening,,no digital delivery wording
P109,PubMed (MeSH),A study protocol outlining the development and evaluation of a training program for frontline managers on leading well-being and the psychosocial work environment in Danish hospital settings - a cluster randomized waitlist controlled trial.,10.1186/s12889-023-15728-2,37165331,2023,"Clinical Trial Protocol;Journal Article;Research Support, Non-U.S. Gov't",excluded at screening,,protocol
P110,PubMed (MeSH),"Simple Interventions for Pediatric Residents' Moral Distress: A Randomized, Controlled Experiment.",10.1542/peds.2022-060269,37153965,2023,"Randomized Controlled Trial;Journal Article;Research Support, N.I.H., Extramural;Research Support, Non-U.S. Gov't",excluded at screening,,no digital delivery wording
P111,PubMed (MeSH),"Is this the solution to wellbeing and burnout management for the critical care workforce? A parallel, interventional, feasibility and realist informed pilot randomized control trial protocol.",10.1371/journal.pone.0285038,37104503,2023,Clinical Trial Protocol;Journal Article,excluded at screening,,protocol
P112,PubMed (MeSH),"EMDR for symptoms of depression, stress and burnout in health care workers exposed to COVID-19 (HARD): A study protocol for a trial within a cohort study.",10.1080/20008066.2023.2179569,37052108,2023,"Clinical Trial Protocol;Journal Article;Research Support, Non-U.S. Gov't",excluded at screening,,protocol
P113,PubMed (MeSH),Effects of mindfulness decompression therapy on mental health and job burnout among nurses working in the frontline of the novel coronavirus pandemic: A retrospective study.,10.1002/1348-9585.12398,37038325,2023,Journal Article,excluded at screening,,no digital delivery wording
P114,PubMed (MeSH),Pragmatic randomized controlled trial of the Mind Management Skills for Life Programme as an intervention for occupational burnout in mental healthcare professionals.,10.1080/09638237.2023.2182423,36924140,2023,Randomized Controlled Trial;Journal Article;Pragmatic Clinical Trial,excluded at screening,,no digital delivery wording
P115,PubMed (MeSH),Impact of coaching on physician wellness: A systematic review.,10.1371/journal.pone.0281406,36749760,2023,"Systematic Review;Journal Article;Research Support, Non-U.S. Gov't",excluded at screening,,non-article publication type or review
P116,PubMed (MeSH),Effectiveness of interventions for academic burnout among nursing students: A systematic review.,10.1111/wvn.12628,36604994,2023,Systematic Review;Journal Article,excluded at screening,,non-article publication type or review
P117,PubMed (MeSH),The Experience of Burnout in the SRNA Population and Association With Situational and Demographic Factors.,,36413190,2022,Journal Article,excluded at screening,,no digital delivery wording
P118,PubMed (MeSH),A randomized controlled trial of an adapted group cognitive-behavioral therapy for burned-out teachers.,10.1080/10503307.2022.2131476,36404282,2023,Randomized Controlled Trial;Journal Article,excluded at screening,,no digital delivery wording
P119,PubMed (MeSH),The effectiveness of organisational-level workplace mental health interventions on mental health and wellbeing in construction workers: A systematic review and recommended research agenda.,10.1371/journal.pone.0277114,36383613,2022,"Systematic Review;Journal Article;Research Support, Non-U.S. Gov't",excluded at screening,,non-article publication type or review
P120,PubMed (MeSH),"Assessing the Impact of a Shinrin-Yoku (Forest Bathing) Intervention on Physician/Healthcare Professional Burnout: A Randomized, Controlled Trial.",10.3390/ijerph192114505,36361384,2022,"Randomized Controlled Trial;Journal Article;Research Support, Non-U.S. Gov't",excluded at screening,,no digital delivery wording
P121,PubMed (MeSH),Brief mindful coloring for stress reduction in nurses working in a Hong Kong hospital during COVID-19 pandemic: A randomized controlled trial.,10.1097/MD.0000000000031253,36316873,2022,Randomized Controlled Trial;Journal Article;Equivalence Trial,excluded,DIGITAL,Mandala colouring; a three-minute instructional video was the only digital element
P122,PubMed (MeSH),Wellbeing Training Based on Contemplative Practices in a Sample of Intensive Care and Homecare Professionals: A Pilot and Feasibility Non-Randomized Clinical Trial.,10.3390/ijerph192013137,36293716,2022,"Clinical Trial;Journal Article;Research Support, Non-U.S. Gov't",excluded at screening,,no digital delivery wording
P123,PubMed (MeSH),Resident duty hours and resident and patient outcomes: Systematic review and meta-analysis.,10.1111/medu.14943,36181404,2023,Meta-Analysis;Systematic Review;Journal Article,excluded at screening,,non-article publication type or review
P124,PubMed (MeSH),Efficacy of Transcendental Meditation to Reduce Stress Among Health Care Workers: A Randomized Clinical Trial.,10.1001/jamanetworkopen.2022.31917,36121655,2022,"Journal Article;Randomized Controlled Trial;Research Support, N.I.H., Extramural;Research Support, Non-U.S. Gov't;Research Support, U.S. Gov't, Non-P.H.S.",excluded at screening,,no digital delivery wording
P125,PubMed (MeSH),Effects of personalized music intervention on nurse burnout: A feasibility randomized controlled trial.,10.1111/nhs.12984,36089738,2022,Randomized Controlled Trial;Journal Article,excluded at screening,,no digital delivery wording
P126,PubMed (MeSH),Effectiveness of a Mindful Compassion Care Program in reducing burnout and psychological distress amongst frontline hospital nurses during the COVID-19 pandemic: a study protocol for a randomized controlled trial.,10.1186/s13063-022-06666-2,36056401,2022,Clinical Trial Protocol;Journal Article,excluded at screening,,protocol
P127,PubMed (MeSH),Professional Coaching and Surgeon Well-being: A Randomized Controlled Trial.,10.1097/SLA.0000000000005678,36000783,2023,"Randomized Controlled Trial;Journal Article;Research Support, Non-U.S. Gov't;Research Support, U.S. Gov't, Non-P.H.S.",excluded at screening,,no digital delivery wording
P128,PubMed (MeSH),Efficacy of physiotherapy management on burnout syndrome amongst IT professionals during the COVID-19 pandemic.,10.3233/WOR-220051,35988255,2022,Randomized Controlled Trial;Journal Article,excluded at screening,,no digital delivery wording
P129,PubMed (MeSH),Qigong for the Emotional Exhaustion in Nurses: Implications of a Prospective Randomized Controlled Trial in the COVID-19 Pandemic.,,35951067,2023,Randomized Controlled Trial;Journal Article,excluded at screening,,no digital delivery wording
P130,PubMed (MeSH),A cognitive-behavioral approach to teacher burnout: A randomized controlled trial of a group therapy program.,10.1080/10615806.2022.2103118,35943958,2023,Randomized Controlled Trial;Journal Article,excluded at screening,,no digital delivery wording
P131,PubMed (MeSH),Compassion Satisfaction and Burnout Are Related to Psychiatric Nurses' Antipathy Towards Nonsuicidal Self-Injury (NSSI).,10.1177/10783903221116132,35941763,2024,Journal Article;Randomized Controlled Trial,excluded,BURNOUT,"Burnout used only as a correlate of antipathy scores, not as an outcome of the randomized comparison"
P132,PubMed (MeSH),"The effect of laughter yoga on perceived stress, burnout, and life satisfaction in nurses during the pandemic: A randomized controlled trial.",10.1016/j.ctcp.2022.101637,35810525,2022,Randomized Controlled Trial;Journal Article,excluded at screening,,no digital delivery wording
P133,PubMed (MeSH),Investigating the impact of modified mindfulness-based stress reduction (MBSR) program on occupational burnout and other mental health status among nonmedical staff in a hospital: a randomized controlled trial.,10.1007/s00420-022-01902-3,35796831,2022,Randomized Controlled Trial;Journal Article,excluded at screening,,no digital delivery wording
P134,PubMed (MeSH),Impact of a Virtual Professional Development Coaching Program on the Professional Fulfillment and Well-Being of Women Surgery Residents: A Randomized Controlled Trial.,10.1097/SLA.0000000000005562,35766397,2023,Randomized Controlled Trial;Journal Article,included,,Virtual coaching programme for women surgery residents vs emailed resources; burnout measured
P135,PubMed (MeSH),Interventions to reduce the risk of mental health problems in health and social care workplaces: A scoping review.,10.1016/j.jpsychires.2022.06.004,35716510,2022,Journal Article;Scoping Review,excluded at screening,,non-article publication type or review
P136,PubMed (MeSH),"Burnout Interventions for Resident Physicians: A Scoping Review of Their Content, Format, and Effectiveness.",10.5858/arpa.2021-0115-EP,35687790,2023,Journal Article;Scoping Review,excluded at screening,,non-article publication type or review
P137,PubMed (MeSH),The impact of working as a peer worker in mental health services: a longitudinal mixed methods study.,10.1186/s12888-022-03999-9,35650562,2022,"Journal Article;Randomized Controlled Trial;Research Support, Non-U.S. Gov't",excluded at screening,,no digital delivery wording
P138,PubMed (MeSH),The Use of Music to Manage Burnout in Nurses: A Systematic Review.,10.1177/08901171221105862,35633074,2022,Systematic Review;Journal Article,excluded at screening,,non-article publication type or review
P139,PubMed (MeSH),"Changes in Salivary Immunoglobulin A, Stress, and Burnout in a Workplace Mindfulness Intervention: A Pilot Study.",10.3390/ijerph19106226,35627765,2022,"Journal Article;Randomized Controlled Trial;Research Support, Non-U.S. Gov't",excluded at screening,,no digital delivery wording
P140,PubMed (MeSH),Effectiveness of rational emotive occupational health coaching in reducing burnout symptoms among teachers of children with autism.,10.1177/00368504221100907,35619571,2022,Journal Article;Randomized Controlled Trial,excluded at screening,,no digital delivery wording
P141,PubMed (MeSH),Mindfulness-Based Interventions for Professionals Working in End-of-Life Care: A Systematic Review of the Literature.,10.1177/08258597221100330,35593086,2023,Systematic Review;Journal Article,excluded at screening,,non-article publication type or review
P142,PubMed (MeSH),The Effect of Creative Arts Therapy on Psychological Distress in Health Care Professionals.,10.1016/j.amjmed.2022.04.016,35576997,2022,"Journal Article;Randomized Controlled Trial;Research Support, Non-U.S. Gov't",excluded at screening,,no digital delivery wording
P143,PubMed (MeSH),"Changes in occupational well-being during COVID-19: the impact of age, gender, education, living alone, and telework in a Finnish four-wave population sample.",10.5271/sjweh.4033,35556141,2022,"Journal Article;Research Support, Non-U.S. Gov't",excluded at screening,,Reviewer: Population survey
P144,PubMed (MeSH),Associations between burnout symptoms and social behaviour: exploring the role of acute stress and vagal function.,10.1186/s12889-022-13333-3,35509000,2022,"Journal Article;Randomized Controlled Trial;Research Support, Non-U.S. Gov't",excluded at screening,,no digital delivery wording
P145,PubMed (MeSH),Occupational burnout and stress of nurses in Taiwan regarding COVID-19: An intervention with gong medication.,10.1111/jonm.13653,35484921,2022,Journal Article,excluded at screening,,no digital delivery wording
P146,PubMed (MeSH),A workplace Acceptance and Commitment Therapy (ACT) intervention for improving healthcare staff psychological distress: A randomised controlled trial.,10.1371/journal.pone.0266357,35442963,2022,"Journal Article;Randomized Controlled Trial;Research Support, Non-U.S. Gov't",excluded at screening,,no digital delivery wording
P147,PubMed (MeSH),Group Clinical Supervision for midwives and burnout: a cluster randomized controlled trial.,10.1186/s12884-022-04657-4,35410189,2022,Journal Article;Randomized Controlled Trial,excluded at screening,,no digital delivery wording
P148,PubMed (MeSH),Determination of professional job burnout and temperament (Mizaj) from the viewpoint of Traditional Persian Medicine and work-related variables among Iranian dentists: a cross-sectional study.,10.1186/s40359-022-00803-x,35395954,2022,Journal Article,excluded at screening,,Reviewer: Cross-sectional study
P149,PubMed (MeSH),Effectiveness of interventions on the stress management of schoolteachers: a systematic review and meta-analysis.,10.1136/oemed-2021-108019,35256508,2022,"Journal Article;Meta-Analysis;Systematic Review;Research Support, Non-U.S. Gov't",excluded at screening,,non-article publication type or review
P150,PubMed (MeSH),[The effectiveness of psychological intervention on nursing staff' compassion fatigue: a meta-analysis].,10.3760/cma.j.cn121094-20201027-00598,35255561,2022,Journal Article;Meta-Analysis,excluded at screening,,review
P151,PubMed (MeSH),Nurturing compassion in schools: A randomized controlled trial of the effectiveness of a Compassionate Mind Training program for teachers.,10.1371/journal.pone.0263480,35231057,2022,Journal Article;Randomized Controlled Trial;Pragmatic Clinical Trial,excluded at screening,,no digital delivery wording
P152,PubMed (MeSH),"Effectiveness of mindfulness-based interventions on psychological well-being, burnout and post-traumatic stress disorder among nurses: A systematic review and meta-analysis.",10.1111/jocn.16265,35187740,2023,Meta-Analysis;Systematic Review;Journal Article,excluded at screening,,non-article publication type or review
P153,PubMed (MeSH),Occupational health intervention for work-life balance and burnout management among teachers in rural communities.,10.1002/jcop.22806,35187678,2022,Journal Article;Randomized Controlled Trial,excluded at screening,,no digital delivery wording
P154,PubMed (MeSH),Factors Associated with Work-Related Burnout among Corporate Employees Amidst COVID-19 Pandemic.,10.3390/ijerph19031295,35162319,2022,"Journal Article;Randomized Controlled Trial;Research Support, Non-U.S. Gov't",excluded at screening,,no digital delivery wording
P155,PubMed (MeSH),Effects of Physical Exercise on Burnout Syndrome in University Students.,10.37757/MR2022.V24.N1.7,35157638,2022,Journal Article;Randomized Controlled Trial,excluded at screening,,no randomized allocation
P156,PubMed (MeSH),A cluster randomised controlled trial of a ward-based intervention to improve access to psychologically-informed care and psychological therapy for mental health in-patients.,10.1186/s12888-022-03696-7,35114980,2022,"Journal Article;Randomized Controlled Trial;Research Support, Non-U.S. Gov't;Pragmatic Clinical Trial",excluded at screening,,no digital delivery wording
P157,PubMed (MeSH),"Randomised control trial of a proactive intervention supporting recovery in relation to stress and irregular work hours: effects on sleep, burn-out, fatigue and somatic symptoms.",10.1136/oemed-2021-107789,35074887,2022,"Journal Article;Randomized Controlled Trial;Research Support, Non-U.S. Gov't",excluded at screening,,no digital delivery wording
P158,PubMed (MeSH),Effect of a Novel Mindfulness Curriculum on Burnout During Pediatric Internship: A Cluster Randomized Clinical Trial.,10.1001/jamapediatrics.2021.5740,35072694,2022,"Journal Article;Multicenter Study;Randomized Controlled Trial;Research Support, Non-U.S. Gov't;Research Support, U.S. Gov't, P.H.S.;Pragmatic Clinical Trial",excluded at screening,,no digital delivery wording
P159,PubMed (MeSH),Mindfulness-based interventions reducing and preventing stress and burnout in medical students: A systematic review and meta-analysis.,10.1016/j.ajp.2021.102997,34995839,2022,Journal Article;Meta-Analysis;Systematic Review,excluded at screening,,non-article publication type or review
P160,PubMed (MeSH),Contribution of a positive psychology-based conceptual framework in reducing physician burnout and improving well-being: a systematic review.,10.1186/s12909-021-03021-y,34823509,2021,Journal Article;Systematic Review,excluded at screening,,non-article publication type or review
P161,PubMed (MeSH),An Interprofessional Group Intervention to Promote Faculty Well-Being: A Randomized Clinical Trial.,10.1097/CEH.0000000000000404,34799518,2022,Journal Article;Randomized Controlled Trial,excluded at screening,,no digital delivery wording
P162,PubMed (MeSH),Healthcare providers' perceived support from their organization is associated with lower burnout and anxiety amid the COVID-19 pandemic.,10.1371/journal.pone.0259858,34797847,2021,"Journal Article;Research Support, N.I.H., Extramural",excluded at screening,,no digital delivery wording
P163,PubMed (MeSH),Differences in Occupational Burnout Among Primary Care Professionals.,10.3122/jabfm.2021.06.210139,34772775,2021,"Journal Article;Research Support, Non-U.S. Gov't",excluded at screening,,no digital delivery wording
P164,PubMed (MeSH),Effects of Acupuncture and Acupressure on Burnout in Health Care Workers: A Randomized Trial.,10.1097/JTN.0000000000000622,34766930,2021,Journal Article;Randomized Controlled Trial,excluded,DIGITAL,Acupuncture and acupressure
P165,PubMed (MeSH),"The effect of a nurse-led intervention program on compassion fatigue, burnout, compassion satisfaction, and psychological distress in nurses: A randomized controlled trial.",10.1111/ppc.12965,34706071,2022,Randomized Controlled Trial;Journal Article,excluded at screening,,no digital delivery wording
P166,PubMed (MeSH),"A pilot study investigating the efficacy of brief, phone-based, behavioral interventions for burnout in graduate students.",10.1002/jclp.23245,34517431,2021,"Journal Article;Randomized Controlled Trial;Research Support, N.I.H., Extramural",excluded,POP,Doctoral students
P167,PubMed (MeSH),The Relationships Between Reduced Alcohol Use and Decreased Burnout Following Mindfulness-Based Resilience Training in Law Enforcement Officers.,10.1089/acm.2021.0052,34516760,2021,Journal Article;Randomized Controlled Trial,excluded at screening,,no digital delivery wording
P168,PubMed (MeSH),Group-based acceptance and commitment therapy interventions for improving general distress and work-related distress in healthcare professionals: A systematic review and meta-analysis.,10.1016/j.jad.2021.07.084,34479127,2021,"Journal Article;Meta-Analysis;Research Support, Non-U.S. Gov't;Systematic Review",excluded at screening,,non-article publication type or review
P169,PubMed (MeSH),Skills-Based Programs Used to Reduce Physician Burnout in Graduate Medical Education: A Systematic Review.,10.4300/JGME-D-20-01433.1,34434508,2021,Journal Article;Systematic Review,excluded at screening,,non-article publication type or review
P170,PubMed (MeSH),"Effect of interventions for the well-being, satisfaction and flourishing of general practitioners-a systematic review.",10.1136/bmjopen-2020-046599,34408036,2021,"Journal Article;Research Support, Non-U.S. Gov't;Systematic Review",excluded at screening,,non-article publication type or review
P171,PubMed (MeSH),Brief Mindfulness Practice Course for Healthcare Providers.,10.1097/NNA.0000000000001035,34405978,2021,Journal Article,excluded at screening,,no digital delivery wording
P172,PubMed (MeSH),Efficacy and Safety of Cannabidiol Plus Standard Care vs Standard Care Alone for the Treatment of Emotional Exhaustion and Burnout Among Frontline Health Care Workers During the COVID-19 Pandemic: A Randomized Clinical Trial.,10.1001/jamanetworkopen.2021.20603,34387679,2021,"Journal Article;Research Support, Non-U.S. Gov't",excluded at screening,,no digital delivery wording
P173,PubMed (MeSH),The impact of a tailored mindfulness-based program for resident physicians on distress and the quality of care: A randomised controlled trial.,10.1111/joim.13374,34369618,2021,"Journal Article;Randomized Controlled Trial;Research Support, Non-U.S. Gov't",excluded at screening,,no digital delivery wording
P174,PubMed (MeSH),Colleagues Meeting to Promote and Sustain Satisfaction (COMPASS) Groups for Physician Well-Being: A Randomized Clinical Trial.,10.1016/j.mayocp.2021.02.028,34366134,2021,"Journal Article;Randomized Controlled Trial;Research Support, Non-U.S. Gov't",excluded at screening,,no digital delivery wording
P175,PubMed (MeSH),Contributors to and consequences of burnout among clinical genetic counselors in the United States.,10.1002/jgc4.1485,34318970,2022,"Journal Article;Randomized Controlled Trial;Research Support, N.I.H., Extramural;Research Support, Non-U.S. Gov't",excluded at screening,,no digital delivery wording
P176,PubMed (MeSH),"Resilience, Insight, Self-Compassion, and Empowerment (RISE): A Randomized Controlled Trial of a Psychoeducational Group Program for Nurses.",10.1177/10783903211033338,34293934,2023,Randomized Controlled Trial;Journal Article,excluded at screening,,no digital delivery wording
P177,PubMed (MeSH),"Funeral and Mortuary Operators: The Role of Stigma, Incivility, Work Meaningfulness and Work-Family Relation to Explain Occupational Burnout.",10.3390/ijerph18136691,34206238,2021,"Journal Article;Research Support, Non-U.S. Gov't",excluded at screening,,no digital delivery wording
P178,PubMed (MeSH),Effects on staff outcomes and process evaluation of the educating nursing staff effectively (TENSE) program for managing challenging behavior in nursing home residents with dementia: A cluster-randomized controlled trial.,10.1016/j.ijnurstu.2021.103982,34171518,2021,Journal Article;Randomized Controlled Trial,excluded at screening,,no digital delivery wording
P179,PubMed (MeSH),"Feasibility, Acceptability, and Preliminary Effectiveness of a Compassion-Centered Team Intervention to Improve Clinical Research Coordinator Resilience and Well-Being.",10.1200/OP.21.00120,34152835,2021,"Journal Article;Randomized Controlled Trial;Research Support, Non-U.S. Gov't",excluded at screening,,no digital delivery wording
P180,PubMed (MeSH),The role of colleague incivility in linking work-related stressors and job burnout. A cross-sectional study in a sample of faculty administrative employees.,10.23749/mdl.v112i3.10732,34142677,2021,Journal Article,excluded at screening,,no digital delivery wording
P181,PubMed (MeSH),Yoga complemented cognitive behavioral therapy on job burnout among teachers of children with autism spectrum disorders.,10.1097/MD.0000000000025801,34087823,2021,Journal Article;Randomized Controlled Trial,excluded at screening,,no digital delivery wording
P182,PubMed (MeSH),The impact of effective communication skills training on the status of marital burnout among married women.,10.1186/s12905-021-01372-8,34082737,2021,Journal Article;Randomized Controlled Trial,excluded at screening,,no randomized allocation
P183,PubMed (MeSH),Reducing occupational distress in veterinary medicine personnel with acceptance and commitment training: a pilot study.,10.1080/00480169.2021.1938270,34082645,2022,Journal Article;Randomized Controlled Trial,excluded at screening,,no digital delivery wording
P184,PubMed (MeSH),Effectiveness of Acceptance and Commitment Therapy (ACT) in Professional Dementia Caregivers Burnout.,10.1080/07317115.2021.1920530,33955318,2022,Journal Article;Randomized Controlled Trial,excluded at screening,,no digital delivery wording
P185,PubMed (MeSH),[Predictive factors for burnout and work engagement levels among doctors and nurses: a systematic review.].,,33818557,2021,Journal Article;Systematic Review,excluded at screening,,non-article publication type or review
P186,PubMed (MeSH),Effects of Physical Activity and Counselling Interventions on Health Outcomes among Working Women in Shanghai.,10.52082/jssm.2021.77,33707990,2021,"Journal Article;Randomized Controlled Trial;Research Support, Non-U.S. Gov't",excluded at screening,,no randomized allocation
P187,PubMed (MeSH),Developing Workshops to Enhance Hope Among Patients With Metastatic Breast Cancer and Oncologists: A Pilot Study.,10.1200/OP.20.00744,33596099,2021,"Journal Article;Research Support, N.I.H., Extramural;Research Support, Non-U.S. Gov't",excluded at screening,,no digital delivery wording
P188,PubMed (MeSH),A brief acceptance and commitment intervention for work-related stress and burnout amongst frontline homelessness staff: A single case experimental design series.,10.1002/cpp.2555,33469958,2021,Journal Article;Randomized Controlled Trial,excluded,DESIGN,Single-case experimental design with four participants; no between-group comparison
P189,PubMed (MeSH),Wellness Interventions in Emergency Medicine Residency Programs: Review of the Literature Since 2017.,10.5811/westjem.2020.11.48884,33439796,2020,Journal Article;Systematic Review,excluded at screening,,non-article publication type or review
P190,PubMed (MeSH),Association of Burnout With Depression and Anxiety in Critical Care Clinicians in Brazil.,10.1001/jamanetworkopen.2020.30898,33355676,2020,"Journal Article;Research Support, Non-U.S. Gov't",excluded at screening,,no digital delivery wording
P191,PubMed (MeSH),Influence of Burnout and Feelings of Guilt on Depression and Health in Anesthesiologists.,10.3390/ijerph17249267,33322399,2020,Journal Article,excluded at screening,,no digital delivery wording
P192,PubMed (MeSH),Death Cafés for prevention of burnout in intensive care unit employees: study protocol for a randomized controlled trial (STOPTHEBURN).,10.1186/s13063-020-04929-4,33308290,2020,Journal Article;Clinical Trial Protocol,excluded at screening,,protocol
P193,PubMed (MeSH),"Interventions to support the resilience and mental health of frontline health and social care professionals during and after a disease outbreak, epidemic or pandemic: a mixed methods systematic review.",10.1002/14651858.CD013779,33150970,2020,"Journal Article;Meta-Analysis;Research Support, Non-U.S. Gov't;Systematic Review",excluded at screening,,non-article publication type or review
P194,PubMed (MeSH),Effect of progressive muscle relaxation exercise on clinical stress and burnout in student nurse interns.,10.1111/ppc.12662,33103776,2021,Journal Article;Randomized Controlled Trial,excluded at screening,,no digital delivery wording
P195,PubMed (MeSH),"Relative Impact of Mindfulness, Self-Compassion, and Psychological Flexibility on Alcohol Use and Burnout Among Law Enforcement Officers.",10.1089/acm.2020.0178,33017172,2020,Journal Article;Randomized Controlled Trial,excluded at screening,,no digital delivery wording
P196,PubMed (MeSH),"Effect of a compassion fatigue resiliency program on nurses' professional quality of life, perceived stress, resilience: A randomized controlled trial.",10.1111/jan.14568,33009840,2020,Journal Article;Randomized Controlled Trial,excluded at screening,,no digital delivery wording
P197,PubMed (MeSH),Effects of Short-Term Inhalation of Patchouli Oil on Professional Quality of Life and Stress Levels in Emergency Nurses: A Randomized Controlled Trial.,10.1089/acm.2020.0206,32907352,2020,Journal Article;Randomized Controlled Trial,excluded at screening,,no digital delivery wording
P198,PubMed (MeSH),Effects of a mindfulness-based programme on the health- and work-related quality of life of healthcare professionals.,10.1111/scs.12905,32865258,2021,Journal Article;Randomized Controlled Trial,excluded at screening,,no digital delivery wording
P199,PubMed (MeSH),Enhanced Stress Resilience Training in Surgeons: Iterative Adaptation and Biopsychosocial Effects in 2 Small Randomized Trials.,10.1097/SLA.0000000000004145,32773637,2021,"Journal Article;Randomized Controlled Trial;Research Support, N.I.H., Extramural",excluded at screening,,no digital delivery wording
P200,PubMed (MeSH),Humanism and professionalism training for pediatric hematology-oncology fellows: Results of a multicenter randomized trial.,10.1002/pbc.28308,32729211,2020,"Journal Article;Multicenter Study;Randomized Controlled Trial;Research Support, Non-U.S. Gov't",excluded,DIGITAL,In-person curriculum in fellowship programmes
P201,PubMed (MeSH),[Impact of SARS-CoV-2 (Covid-19) on the mental health of healthcare professionals: a systematic review.].,10.1056/NEJMoa2001017,32699204,2020,Journal Article;Systematic Review,excluded at screening,,non-article publication type or review
P202,PubMed (MeSH),Evaluating the effectiveness of a CRSCE-based de-escalation training program among psychiatric nurses: a study protocol for a cluster randomized controlled trial.,10.1186/s12913-020-05506-w,32650760,2020,Clinical Trial Protocol;Journal Article,excluded at screening,,protocol
P203,PubMed (MeSH),"Brief Workplace Interventions Addressing Burnout, Compassion Fatigue, and Teamwork: A Pilot Study.",10.1177/0193945920938048,32646295,2021,Journal Article,excluded at screening,,no digital delivery wording
P204,PubMed (MeSH),Mindfulness training for healthcare professional students: A waitlist controlled pilot study on psychological and work-relevant outcomes.,10.1016/j.ctim.2020.102405,32507424,2020,Journal Article,excluded at screening,,no digital delivery wording
P205,PubMed (MeSH),Holistic Nursing in Practice: Mindfulness-Based Yoga as an Intervention to Manage Stress and Burnout.,10.1177/0898010120921587,32460584,2021,Journal Article;Randomized Controlled Trial,excluded at screening,,no digital delivery wording
P206,PubMed (MeSH),A study protocol for a cluster randomised controlled trial on mindfulness-based stress reduction: studying effects of mindfulness-based stress reduction and an additional organisational health intervention on mental health and work-related perceptions of teachers in Dutch secondary vocational schools.,10.1186/s13063-020-4189-3,32366329,2020,Clinical Trial Protocol;Journal Article,excluded at screening,,protocol
P207,PubMed (MeSH),[Intervention of Balint group on the emotional labor and job burnout of nurses in cardiology].,10.3760/cma.j.cn121094-20190403-00132,32306694,2020,Journal Article;Randomized Controlled Trial,excluded at screening,,no randomized allocation
P208,PubMed (MeSH),Coaching for primary care physician well-being: A randomized trial and follow-up analysis.,10.1037/ocp0000180,32297776,2020,Journal Article;Randomized Controlled Trial,excluded at screening,,no digital delivery wording
P209,PubMed (MeSH),Association of Surgical Resident Wellness With Medical Errors and Patient Outcomes.,10.1097/SLA.0000000000003909,32282379,2021,"Journal Article;Randomized Controlled Trial;Research Support, Non-U.S. Gov't;Research Support, U.S. Gov't, Non-P.H.S.;Research Support, U.S. Gov't, P.H.S.",excluded at screening,,no randomized allocation
P210,PubMed (MeSH),Randomized Trial of Therapy Dogs Versus Deliberative Coloring (Art Therapy) to Reduce Stress in Emergency Medicine Providers.,10.1111/acem.13939,32266765,2020,Journal Article;Randomized Controlled Trial,excluded at screening,,no digital delivery wording
P211,PubMed (MeSH),Professional quality of life as potential mediators of the association between anxiety and depression among Chinese health-care clinicians.,10.1177/0091217420913395,32220213,2021,"Journal Article;Research Support, Non-U.S. Gov't",excluded at screening,,no digital delivery wording
P212,PubMed (MeSH),Mindfulness-based programme for residents: study protocol of a randomised controlled trial.,10.1136/bmjopen-2019-035025,32198304,2020,"Journal Article;Research Support, Non-U.S. Gov't;Clinical Trial Protocol",excluded at screening,,protocol
P213,PubMed (MeSH),Profiles of middle school teacher stress and coping: Concurrent and prospective correlates.,10.1016/j.jsp.2019.11.003,32178811,2020,"Journal Article;Randomized Controlled Trial;Research Support, Non-U.S. Gov't;Research Support, U.S. Gov't, Non-P.H.S.",excluded at screening,,no randomized allocation
P214,PubMed (MeSH),"Study protocol of a multicenter randomized controlled trial of mindfulness-based intervention versus relaxation to reduce emotional exhaustion in medical students in France: the ""Must prevent"" study.",10.1186/s12888-020-02529-9,32160891,2020,"Clinical Trial Protocol;Journal Article;Research Support, Non-U.S. Gov't",excluded at screening,,protocol
P215,PubMed (MeSH),"Mindfulness-based resilience training for aggression, stress and health in law enforcement officers: study protocol for a multisite, randomized, single-blind clinical feasibility trial.",10.1186/s13063-020-4165-y,32111233,2020,Clinical Trial Protocol;Journal Article,excluded at screening,,protocol
P216,PubMed (MeSH),A Quasi-experimental Study Measuring the Effectiveness of Two Empathy Enhancement Programs on Caregivers Working with Older Adults Living Alone.,10.1080/07317115.2020.1731639,32093528,2022,"Journal Article;Randomized Controlled Trial;Research Support, Non-U.S. Gov't",excluded at screening,,no digital delivery wording
P217,PubMed (MeSH),The effect of mindfulness training on burnout syndrome in nursing: A systematic review and meta-analysis.,10.1111/jan.14318,32026484,2020,Journal Article;Meta-Analysis;Systematic Review,excluded at screening,,non-article publication type or review
P218,PubMed (MeSH),Effectiveness and feasibility of a mindful leadership course for medical specialists: a pilot study.,10.1186/s12909-020-1948-5,32019524,2020,Controlled Clinical Trial;Journal Article,excluded at screening,,no digital delivery wording
P219,PubMed (MeSH),Emotional regulation training for intensive and critical care nurses.,10.1111/nhs.12679,31975520,2020,Journal Article;Randomized Controlled Trial,excluded at screening,,no digital delivery wording
P220,PubMed (MeSH),Can Patient-Provider Interpersonal Interventions Achieve the Quadruple Aim of Healthcare? A Systematic Review.,10.1007/s11606-019-05525-2,31919725,2020,"Journal Article;Research Support, Non-U.S. Gov't;Research Support, U.S. Gov't, Non-P.H.S.;Systematic Review",excluded at screening,,non-article publication type or review
P221,PubMed (MeSH),Association of Weekly Protected Nonclinical Time With Resident Physician Burnout and Well-being.,10.1001/jamaoto.2019.3654,31895461,2020,"Clinical Trial;Journal Article;Research Support, N.I.H., Extramural;Research Support, Non-U.S. Gov't",excluded at screening,,no digital delivery wording
P222,PubMed (MeSH),The Community Resiliency Model® to promote nurse well-being.,10.1016/j.outlook.2019.11.002,31894015,2020,"Journal Article;Randomized Controlled Trial;Research Support, Non-U.S. Gov't",excluded at screening,,no digital delivery wording
P223,PubMed (MeSH),Effect of rational-emotive adult education intervention on burnout symptoms among primary school teachers in Southeast Nigeria.,10.1177/0300060519882204,31880181,2020,Journal Article;Randomized Controlled Trial,excluded at screening,,no digital delivery wording
P224,PubMed (MeSH),Cognitive behavioural therapy interventions for insomnia among shift workers: RCT in an occupational health setting.,10.1007/s00420-019-01504-6,31853633,2020,Journal Article;Randomized Controlled Trial,excluded at screening,,no digital delivery wording
P225,PubMed (MeSH),The role of teacher-student relationships in predicting teachers' personal accomplishment and emotional exhaustion.,10.1016/j.jsp.2019.10.001,31837719,2019,"Journal Article;Randomized Controlled Trial;Research Support, U.S. Gov't, Non-P.H.S.",excluded at screening,,no randomized allocation
P226,PubMed (MeSH),Prevalence and factors associated with poor mental health among healthcare professionals in low- and lower-middle-income countries: a systematic review protocol.,10.1186/s13643-019-1201-7,31783918,2019,"Journal Article;Research Support, Non-U.S. Gov't",excluded at screening,,review
P227,PubMed (MeSH),The relationship between menopausal symptoms and burnout. A cross-sectional study among nurses.,10.1186/s12905-019-0847-6,31775724,2019,"Journal Article;Research Support, Non-U.S. Gov't",excluded at screening,,no digital delivery wording
P228,PubMed (MeSH),The benefits of mindfulness-based interventions on burnout among health professionals: A systematic review.,10.1016/j.explore.2019.09.002,31727578,2020,Journal Article;Systematic Review,excluded at screening,,non-article publication type or review
P229,PubMed (MeSH),"Effectiveness of a multimodal training programme to improve general practitioners' burnout, job satisfaction and psychological well-being.",10.1186/s12875-019-1036-2,31718542,2019,Journal Article,excluded at screening,,no digital delivery wording
P230,PubMed (MeSH),Teacher Burnout and Contextual and Compositional Elements of School Environment.,10.1111/josh.12839,31691287,2019,"Journal Article;Research Support, Non-U.S. Gov't",excluded at screening,,no digital delivery wording
P231,PubMed (MeSH),Laryngoscopic techniques modulate anaesthesiologists' perception of halitosis in patients: A randomised controlled trial.,10.1097/EJA.0000000000001115,31644511,2019,Journal Article;Randomized Controlled Trial,excluded at screening,,burnout not mentioned
P232,PubMed (MeSH),Human resource management training of supervisors for improving health and well-being of employees.,10.1002/14651858.CD010905.pub2,31560414,2019,"Journal Article;Research Support, Non-U.S. Gov't;Systematic Review",excluded at screening,,non-article publication type or review
P233,PubMed (MeSH),"Intervention Effects of the MINDBODYSTRONG Cognitive Behavioral Skills Building Program on Newly Licensed Registered Nurses' Mental Health, Healthy Lifestyle Behaviors, and Job Satisfaction.",10.1097/NNA.0000000000000792,31517756,2019,Journal Article,excluded at screening,,no digital delivery wording
P234,PubMed (MeSH),"Omega-3-polyunsatured fatty acids (O3PUFAs), compared to placebo, reduced symptoms of occupational burnout and lowered morning cortisol secretion.",10.1016/j.psyneuen.2019.104384,31382171,2019,Journal Article,excluded at screening,,no digital delivery wording
P235,PubMed (MeSH),Can Participants' Characteristics Predict Benefit from a Multimodal Burnout Prevention Program? Secondary Analysis of a Randomized Controlled Trial Conducted in Germany.,10.1080/08964289.2019.1594671,31339815,2020,Journal Article,excluded at screening,,no digital delivery wording
P236,PubMed (MeSH),Group-Based Acceptance and Commitment Therapy for Nurses and Nurse Aides Working in Long-Term Care Residential Settings.,10.1089/acm.2019.0087,31314564,2019,Clinical Study;Journal Article,excluded at screening,,no digital delivery wording
P237,PubMed (MeSH),Effect of Flexible Family Visitation on Delirium Among Patients in the Intensive Care Unit: The ICU Visits Randomized Clinical Trial.,10.1001/jama.2019.8766,31310297,2019,"Journal Article;Randomized Controlled Trial;Research Support, Non-U.S. Gov't",excluded at screening,,no digital delivery wording
P238,PubMed (MeSH),A novel mindful-compassion art therapy (MCAT) for reducing burnout and promoting resilience for end-of-life care professionals: a waitlist RCT protocol.,10.1186/s13063-019-3533-y,31287010,2019,Clinical Trial Protocol;Journal Article,excluded at screening,,protocol
P239,PubMed (MeSH),Association of sleep quality with job burnout among Chinese coal mine staff: a propensity score weighting analysis.,10.1038/s41598-019-45329-2,31217549,2019,"Journal Article;Randomized Controlled Trial;Research Support, Non-U.S. Gov't",excluded at screening,,no digital delivery wording
P240,PubMed (MeSH),"Does occupational distress raise the risk of alcohol use, binge-eating, ill health and sleep problems among medical doctors? A UK cross-sectional study.",10.1136/bmjopen-2018-027362,31092661,2019,Journal Article,excluded at screening,,no digital delivery wording
P241,PubMed (MeSH),"Effects of an adjunctive, chronotype-based light therapy in hospitalized patients with severe burnout symptoms - a pilot study.",10.1080/07420528.2019.1604539,31068015,2019,"Journal Article;Randomized Controlled Trial;Research Support, Non-U.S. Gov't",excluded at screening,,no digital delivery wording
P242,PubMed (MeSH),Examining reactivity patterns in burnout and other indicators of chronic stress.,10.1016/j.psyneuen.2019.04.002,31003136,2019,"Journal Article;Research Support, N.I.H., Extramural;Research Support, Non-U.S. Gov't",excluded at screening,,no digital delivery wording
P243,PubMed (MeSH),"The Incredible Years® Teacher Classroom Management programme and its impact on teachers' professional self-efficacy, work-related stress, and general well-being: Results from the STARS randomized controlled trial.",10.1111/bjep.12284,30980389,2020,Journal Article;Pragmatic Clinical Trial;Randomized Controlled Trial,excluded at screening,,no digital delivery wording
P244,PubMed (MeSH),Brief mindfulness-based stress management program for a better mental state in working populations - Happy Nurse Project: A randomized controlled trial✰✰.,10.1016/j.jad.2019.03.067,30927579,2019,"Journal Article;Multicenter Study;Randomized Controlled Trial;Research Support, Non-U.S. Gov't",excluded at screening,,no digital delivery wording
P245,PubMed (MeSH),"Clinical and cost-effectiveness of the Managing Agitation and Raising Quality of Life (MARQUE) intervention for agitation in people with dementia in care homes: a single-blind, cluster-randomised controlled trial.",10.1016/S2215-0366(19)30045-8,30872010,2019,"Journal Article;Multicenter Study;Randomized Controlled Trial;Research Support, Non-U.S. Gov't",excluded at screening,,burnout not mentioned
P246,PubMed (MeSH),Burnout and distress in Australian physician trainees: Evaluation of a wellbeing workshop.,10.1177/1039856219833793,30854868,2019,Journal Article;Randomized Controlled Trial,excluded at screening,,no digital delivery wording
P247,PubMed (MeSH),Doctors don't Do-little: a national cross-sectional study of workplace well-being of hospital doctors in Ireland.,10.1136/bmjopen-2018-025433,30853661,2019,"Journal Article;Research Support, Non-U.S. Gov't",excluded at screening,,no digital delivery wording
P248,PubMed (MeSH),Reducing burnout and anxiety among doctors: Randomized controlled trial.,10.1016/j.psychres.2019.02.075,30852432,2019,Journal Article;Randomized Controlled Trial,excluded at screening,,no digital delivery wording
P249,PubMed (MeSH),Controlled clinical trial comparing the effectiveness of a mindfulness and self-compassion 4-session programme versus an 8-session programme to reduce work stress and burnout in family and community medicine physicians and nurses: MINDUUDD study protocol.,10.1186/s12875-019-0913-z,30727962,2019,"Clinical Trial Protocol;Journal Article;Research Support, Non-U.S. Gov't",excluded at screening,,protocol
P250,PubMed (MeSH),Interventions to Prevent and Reduce Burnout Among Undergraduate and Graduate Medical Education Trainees: a Systematic Review.,10.1007/s40596-019-01023-z,30710229,2019,Journal Article;Systematic Review,excluded at screening,,non-article publication type or review
P251,PubMed (MeSH),A Comparative Effectiveness Trial to Reduce Burnout and Improve Quality of Care.,10.1007/s10488-018-0908-4,30488144,2019,"Journal Article;Randomized Controlled Trial;Research Support, Non-U.S. Gov't",excluded at screening,,no digital delivery wording
P252,PubMed (MeSH),Caring for the caregivers: Evaluation of the effect of an eight-week pilot mindful self-compassion (MSC) training program on nurses' compassion fatigue and resilience.,10.1371/journal.pone.0207261,30462717,2018,Journal Article;Observational Study,excluded at screening,,no digital delivery wording
P253,PubMed (MeSH),Impact of Nurses Taking Daily Work Breaks in a Hospital Garden on Burnout.,10.4037/ajcc2018131,30385543,2018,"Journal Article;Randomized Controlled Trial;Research Support, Non-U.S. Gov't",excluded at screening,,no digital delivery wording
P254,PubMed (MeSH),Boon or Burden: The Effect of Implementing Evidence-Based Practices on Teachers' Emotional Exhaustion.,10.1007/s10488-018-0894-6,30225662,2019,"Journal Article;Randomized Controlled Trial;Research Support, N.I.H., Extramural;Research Support, Non-U.S. Gov't",excluded at screening,,no digital delivery wording
P255,PubMed (MeSH),Feasibility of Formal Mindfulness-Based Stress-Resilience Training Among Surgery Interns: A Randomized Clinical Trial.,10.1001/jamasurg.2018.2734,30167655,2018,"Journal Article;Randomized Controlled Trial;Research Support, N.I.H., Extramural",excluded at screening,,no digital delivery wording
P256,PubMed (MeSH),Expressive writing. A tool to help health workers of palliative care.,10.23750/abm.v89i6-S.7452,30038202,2018,Comparative Study;Journal Article;Multicenter Study;Randomized Controlled Trial,excluded at screening,,no digital delivery wording
P257,PubMed (MeSH),"Musculoskeletal disorders among preschool teachers: analyzing the relationships among relational demands, work meaning, and intention to leave the job.",10.1186/s12891-018-2081-z,29788945,2018,Journal Article,excluded at screening,,burnout not mentioned
P258,PubMed (MeSH),A rational-emotive stress management intervention for reducing job burnout and dysfunctional distress among special education teachers: An effect study.,10.1097/MD.0000000000010475,29703004,2018,Journal Article;Randomized Controlled Trial,excluded at screening,,no digital delivery wording
P259,PubMed (MeSH),"A Statistical Model-driven Surgical Case Scheduling System Improves Multiple Measures of Operative Suite Efficiency: Findings From a Single-center, Randomized Controlled Trial.",10.1097/SLA.0000000000002763,29697450,2019,Journal Article;Randomized Controlled Trial,excluded at screening,,no digital delivery wording
P260,PubMed (MeSH),Is the amount of exposure to aggressive challenging behaviour related to staff work-related well-being in intellectual disability services? Evidence from a clustered research design.,10.1016/j.ridd.2018.04.006,29678313,2018,Journal Article,excluded at screening,,no digital delivery wording
P261,PubMed (MeSH),Does a modified mindfulness-based cognitive therapy (MBCT) course have the potential to reduce stress and burnout in NHS GPs? Feasibility study.,10.1017/S1463423618000129,29669617,2018,"Journal Article;Research Support, Non-U.S. Gov't",excluded at screening,,no digital delivery wording
P262,PubMed (MeSH),Initiative for Burnout of ICU Caregivers: Feasibility and Preliminary Results of a Psychological Support.,10.1177/0885066618768223,29642743,2020,Journal Article;Randomized Controlled Trial,excluded at screening,,no digital delivery wording
P263,PubMed (MeSH),"Mindfulness-based resilience training to reduce health risk, stress reactivity, and aggression among law enforcement officers: A feasibility and preliminary efficacy trial.",10.1016/j.psychres.2018.03.059,29627695,2018,"Journal Article;Randomized Controlled Trial;Research Support, N.I.H., Extramural",excluded at screening,,no digital delivery wording
P264,PubMed (MeSH),Evaluation of mindfulness-based cognitive therapy for life and a cognitive behavioural therapy stress-management workshop to improve healthcare staff stress: study protocol for two randomised controlled trials.,10.1186/s13063-018-2547-1,29606143,2018,Clinical Trial Protocol;Journal Article,excluded at screening,,protocol
P265,PubMed (MeSH),Education Outcomes in a Duty-Hour Flexibility Trial in Internal Medicine.,10.1056/NEJMoa1800965,29557719,2018,"Comparative Study;Journal Article;Randomized Controlled Trial;Research Support, N.I.H., Extramural;Research Support, Non-U.S. Gov't",excluded at screening,,burnout not mentioned
P266,PubMed (MeSH),A randomized controlled intervention of workplace-based group cognitive behavioral therapy for insomnia.,10.1007/s00420-018-1291-x,29387936,2018,Journal Article;Randomized Controlled Trial,excluded at screening,,no digital delivery wording
P267,PubMed (MeSH),Improving Resiliency in Healthcare Employees.,10.5993/AJHB.42.1.4,29320337,2018,Journal Article,excluded at screening,,no digital delivery wording
P268,PubMed (MeSH),Mindfulness-Based Stress Reduction for Residents: A Randomized Controlled Trial.,10.1007/s11606-017-4249-x,29256091,2018,"Journal Article;Randomized Controlled Trial;Research Support, Non-U.S. Gov't",excluded at screening,,no digital delivery wording
P269,PubMed (MeSH),Effectiveness of educational program using printed educational material on care burden distress among staff of residential aged care facilities without medical specialists and/or registered nurses: Cluster quasi-randomization study.,10.1111/ggi.13207,29143427,2018,Journal Article;Randomized Controlled Trial,excluded at screening,,no digital delivery wording
P270,PubMed (MeSH),The role of massage in reducing the risk of burnout in employees of large corporations.,10.1016/j.ctcp.2017.09.013,29122258,2017,Journal Article;Randomized Controlled Trial,excluded,DIGITAL,Massage
P271,PubMed (MeSH),A systematic review and meta-analysis of tertiary interventions in clinical burnout.,10.1111/sjop.12398,29105127,2017,Journal Article;Meta-Analysis;Systematic Review,excluded at screening,,non-article publication type or review
P272,PubMed (MeSH),A mindfulness training program based on brief practices (M-PBI) to reduce stress in the workplace: a randomised controlled pilot study.,10.1080/10773525.2017.1386607,29082831,2017,"Journal Article;Randomized Controlled Trial;Research Support, Non-U.S. Gov't",excluded at screening,,no digital delivery wording
P273,PubMed (MeSH),Burnout in Belgian physicians and nurses.,10.1093/occmed/kqx126,29016982,2017,Journal Article;Multicenter Study,excluded at screening,,Reviewer: Cross-sectional study
P274,PubMed (MeSH),Ayurvedic versus conventional dietary and lifestyle counseling for mothers with burnout-syndrome: A randomized controlled pilot study including a qualitative evaluation.,10.1016/j.ctim.2017.07.005,28917376,2017,Comparative Study;Journal Article;Randomized Controlled Trial,excluded at screening,,no digital delivery wording
P275,PubMed (MeSH),Interventions to promote or improve the mental health of primary care nurses: a systematic review.,10.1111/jonm.12511,28782168,2017,Journal Article;Systematic Review,excluded at screening,,non-article publication type or review
P276,PubMed (MeSH),A systematic review of the impact of mindfulness on the well-being of healthcare professionals.,10.1002/jclp.22515,28752554,2018,Journal Article;Systematic Review,excluded at screening,,non-article publication type or review
P277,PubMed (MeSH),"The Effects of the Relaxation Response on Nurses' Level of Anxiety, Depression, Well-Being, Work-Related Stress, and Confidence to Teach Patients.",10.1177/0898010117719207,28720029,2017,Journal Article;Randomized Controlled Trial,excluded at screening,,burnout not mentioned
P278,PubMed (MeSH),Brief Mindfulness Practices for Healthcare Providers - A Systematic Literature Review.,10.1016/j.amjmed.2017.05.041,28687263,2017,Journal Article;Systematic Review,excluded at screening,,non-article publication type or review
P279,PubMed (MeSH),"Meditation's Effect on Attentional Efficiency, Stress, and Mindfulness Characteristics of Nursing Students.",10.3928/01484834-20170619-08,28662260,2017,Journal Article;Randomized Controlled Trial,excluded at screening,,burnout not mentioned
P280,PubMed (MeSH),Efficacy of Interventions to Reduce Resident Physician Burnout: A Systematic Review.,10.4300/JGME-D-16-00372.1,28638506,2017,Journal Article;Meta-Analysis;Systematic Review,excluded at screening,,non-article publication type or review
P281,PubMed (MeSH),[Evaluation of the effectiveness of a Mindfulness and Self-Compassion program to reduce stress and prevent burnout in Primary Care health professionals].,10.1016/j.aprim.2017.03.009,28629886,2018,Journal Article;Randomized Controlled Trial,excluded at screening,,no digital delivery wording
P282,PubMed (MeSH),"Burnout and Its Relationships with Alexithymia, Stress, and Social Support among Romanian Medical Students: A Cross-Sectional Study.",10.3390/ijerph14060560,28587094,2017,Journal Article,excluded at screening,,no digital delivery wording
P283,PubMed (MeSH),"Fostering Resilience among Mothers under Stress: ""Authentic Connections Groups"" for Medical Professionals.",10.1016/j.whi.2017.02.007,28410972,2017,Journal Article;Randomized Controlled Trial,excluded at screening,,no randomized allocation
P284,PubMed (MeSH),A randomized controlled trial of mindfulness to reduce stress and burnout among intern medical practitioners.,10.1080/0142159X.2017.1294749,28379084,2017,Journal Article;Randomized Controlled Trial,excluded at screening,,no digital delivery wording
P285,PubMed (MeSH),[The spa and health resort-based treatment of the women of various employments presenting with arterial hypertension].,10.17116/kurort20179419-14,28374725,2017,Journal Article,excluded at screening,,burnout not mentioned
P286,PubMed (MeSH),"Stress, self-esteem and well-being among female health professionals: A randomized clinical trial on the impact of a self-care intervention mediated by the senses.",10.1371/journal.pone.0172455,28241070,2017,Journal Article;Randomized Controlled Trial,excluded at screening,,burnout not mentioned
P287,PubMed (MeSH),Burnout Among Cardiologists.,10.1016/j.amjcard.2016.11.052,28065490,2017,Editorial,excluded at screening,,non-article publication type or review
P288,PubMed (MeSH),Feasibility of a Mindfulness-Based Intervention for Surgical Intensive Care Unit Personnel.,10.4037/ajcc2017444,27965223,2016,"Journal Article;Randomized Controlled Trial;Research Support, Non-U.S. Gov't",excluded at screening,,no digital delivery wording
P289,PubMed (MeSH),Controlled Interventions to Reduce Burnout in Physicians: A Systematic Review and Meta-analysis.,10.1001/jamainternmed.2016.7674,27918798,2017,Journal Article;Meta-Analysis;Systematic Review,excluded at screening,,non-article publication type or review
P290,PubMed (MeSH),Working overtime in community mental health: Associations with clinician burnout and perceived quality of care.,10.1037/prj0000234,27786520,2017,"Journal Article;Randomized Controlled Trial;Research Support, Non-U.S. Gov't;Research Support, N.I.H., Extramural",excluded at screening,,no randomized allocation
P291,PubMed (MeSH),Protocol for a cluster randomised controlled trial of an intervention to improve the mental health support and training available to secondary school teachers - the WISE (Wellbeing in Secondary Education) study.,10.1186/s12889-016-3756-8,27756268,2016,Journal Article;Randomized Controlled Trial,excluded at screening,,protocol
P292,PubMed (MeSH),Effectiveness of a mindfulness-based intervention on oncology nurses' burnout and compassion fatigue symptoms: A non-randomized study.,10.1016/j.ijnurstu.2016.10.002,27744228,2016,Journal Article,excluded at screening,,no digital delivery wording
P293,PubMed (MeSH),Interventions to prevent and reduce physician burnout: a systematic review and meta-analysis.,10.1016/S0140-6736(16)31279-X,27692469,2016,"Journal Article;Meta-Analysis;Research Support, Non-U.S. Gov't;Systematic Review",excluded at screening,,non-article publication type or review
P294,PubMed (MeSH),The Interventional Arm of the Flexibility In Duty-Hour Requirements for Surgical Trainees Trial: First-Year Data Show Superior Quality In-Training Initiative Outcomes.,10.1016/j.jsurg.2016.07.015,27651054,2016,Comparative Study;Journal Article;Review,excluded at screening,,non-article publication type or review
P295,PubMed (MeSH),Active Intervention Can Decrease Burnout In Ed Nurses.,10.1016/j.jen.2016.07.011,27637407,2017,Journal Article;Multicenter Study;Randomized Controlled Trial,excluded at screening,,no randomized allocation
P296,PubMed (MeSH),Do Work Condition Interventions Affect Quality and Errors in Primary Care? Results from the Healthy Work Place Study.,10.1007/s11606-016-3856-2,27612486,2017,"Journal Article;Multicenter Study;Randomized Controlled Trial;Research Support, U.S. Gov't, P.H.S.",excluded at screening,,no digital delivery wording
P297,PubMed (MeSH),Design of a randomized controlled trial on the effect on return to work with coaching plus light therapy and pulsed electromagnetic field therapy for workers with work-related chronic stress.,10.1186/s12889-016-3276-6,27430621,2016,Journal Article;Randomized Controlled Trial,excluded at screening,,burnout not mentioned
P298,PubMed (MeSH),A Meta-Analysis of the Effects of Coping Strategies on Reducing Nurse Burnout.,10.1016/j.apnr.2016.01.001,27397826,2016,"Journal Article;Meta-Analysis;Research Support, Non-U.S. Gov't",excluded at screening,,review
P299,PubMed (MeSH),Using Complier Average Causal Effect Estimation to Determine the Impacts of the Good Behavior Game Preventive Intervention on Teacher Implementers.,10.1007/s10488-016-0738-1,27207372,2017,Journal Article;Randomized Controlled Trial,excluded at screening,,no digital delivery wording
P300,PubMed (MeSH),A Randomized Controlled Trial to Decrease Job Burnout in First-Year Internal Medicine Residents Using a Facilitated Discussion Group Intervention.,10.4300/JGME-D-15-00120.1,27168899,2016,Journal Article;Randomized Controlled Trial,excluded at screening,,no digital delivery wording
P301,PubMed (MeSH),Comparative Effectiveness of a Burnout Reduction Intervention for Behavioral Health Providers.,10.1176/appi.ps.201500220,27032659,2016,Comparative Study;Journal Article,excluded at screening,,no digital delivery wording
P302,PubMed (MeSH),Improving the wellbeing of staff who work in palliative care settings: A systematic review of psychosocial interventions.,10.1177/0269216316637237,26944534,2016,Journal Article;Systematic Review,excluded at screening,,non-article publication type or review
P303,PubMed (MeSH),"Nursing performance under high workload: a diary study on the moderating role of selection, optimization and compensation strategies.",10.1111/jan.12847,26541418,2016,"Journal Article;Research Support, Non-U.S. Gov't",excluded at screening,,burnout not mentioned
P304,PubMed (MeSH),"Toward validating the Italian version of the ""Spanish Burnout Inventory"": a preliminary study.",10.1590/S0080-623420150000500016,26516753,2015,"Journal Article;Research Support, Non-U.S. Gov't",excluded at screening,,no digital delivery wording
P305,PubMed (MeSH),Prevalence of burnout in Polish anesthesiologists and anesthetist nursing professionals: A comparative non-randomized cross-sectional study.,10.1177/1359105315604377,26430069,2017,"Comparative Study;Journal Article;Research Support, Non-U.S. Gov't",excluded at screening,,no digital delivery wording
P306,PubMed (MeSH),Yoga for Self-Care and Burnout Prevention Among Nurses.,10.1177/2165079915596102,26419795,2015,"Comparative Study;Journal Article;Randomized Controlled Trial;Research Support, Non-U.S. Gov't",excluded at screening,,no digital delivery wording
P307,PubMed (MeSH),Effects of a Psychoeducational Intervention for Direct Care Workers Caring for People With Dementia: Results From a 6-Month Follow-Up Study.,10.1177/1533317515603500,26399485,2016,"Journal Article;Randomized Controlled Trial;Research Support, Non-U.S. Gov't",excluded at screening,,no randomized allocation
P308,PubMed (MeSH),Reiki Reduces Burnout Among Community Mental Health Clinicians.,10.1089/acm.2014.0403,26167739,2015,Journal Article;Randomized Controlled Trial,excluded at screening,,no digital delivery wording
P309,PubMed (MeSH),Physician burnout: can we make a difference together?,10.1186/s13054-015-0990-x,26134266,2015,Journal Article;Randomized Controlled Trial,excluded at screening,,no digital delivery wording
P310,PubMed (MeSH),Evaluation of the effect of a 1-day interventional workshop on recovery from job stress for radiation therapists and oncology nurses: A randomised trial.,10.1111/1754-9485.12322,26094782,2015,"Journal Article;Randomized Controlled Trial;Research Support, Non-U.S. Gov't",excluded at screening,,no digital delivery wording
P311,PubMed (MeSH),Improving the workplace reduces physician burnout.,,26065196,2015,Journal Article;Multicenter Study;Randomized Controlled Trial,excluded,DIGITAL,Organisational workplace intervention; no digital delivery reported
P312,PubMed (MeSH),A systematic review and meta-analysis of meditative interventions for informal caregivers and health professionals.,10.1136/bmjspcare-2014-000819,25812579,2016,Journal Article;Meta-Analysis;Systematic Review,excluded at screening,,non-article publication type or review
P313,PubMed (MeSH),Reducing stress and burnout in junior doctors: the impact of debriefing sessions.,10.1136/postgradmedj-2014-132847,25755266,2015,Journal Article;Randomized Controlled Trial,excluded at screening,,no digital delivery wording
P314,PubMed (MeSH),A Cluster Randomized Trial of Interventions to Improve Work Conditions and Clinician Burnout in Primary Care: Results from the Healthy Work Place (HWP) Study.,10.1007/s11606-015-3235-4,25724571,2015,"Journal Article;Randomized Controlled Trial;Research Support, U.S. Gov't, P.H.S.",excluded at screening,,no digital delivery wording
P315,PubMed (MeSH),Stress and burnout in anaesthesia: a real world problem?,10.1097/ACO.0000000000000169,25695803,2015,Journal Article;Review,excluded at screening,,non-article publication type or review
P316,PubMed (MeSH),A small randomized pilot study of a workplace mindfulness-based intervention for surgical intensive care unit personnel: effects on salivary α-amylase levels.,10.1097/JOM.0000000000000371,25629803,2015,"Journal Article;Randomized Controlled Trial;Research Support, Non-U.S. Gov't",excluded at screening,,no digital delivery wording
P317,PubMed (MeSH),Inattention blindness in surgery.,10.1007/s00464-014-4051-3,25582962,2015,Journal Article;Randomized Controlled Trial,excluded at screening,,burnout not mentioned
P318,PubMed (MeSH),Burnout: evaluation of the efficacy and tolerability of TARGET 1® for professional fatigue syndrome (burnout).,10.1177/0300060514558324,25537278,2015,Journal Article;Randomized Controlled Trial,excluded at screening,,no digital delivery wording
P319,PubMed (MeSH),Enhancing relaxation states and positive emotions in physicians through a mindfulness training program: A one-year study.,10.1080/13548506.2014.986143,25485658,2015,"Journal Article;Randomized Controlled Trial;Research Support, Non-U.S. Gov't",excluded at screening,,burnout not mentioned
P320,PubMed (MeSH),"Coming to grips with challenging behaviour: a cluster randomised controlled trial on the effects of a new care programme for challenging behaviour on burnout, job satisfaction and job demands of care staff on dementia special care units.",10.1016/j.ijnurstu.2014.10.003,25458804,2015,"Journal Article;Randomized Controlled Trial;Research Support, Non-U.S. Gov't",excluded at screening,,no digital delivery wording
P321,PubMed (MeSH),Stress Management and Resiliency Training (SMART) program among Department of Radiology faculty: a pilot randomized clinical trial.,10.1016/j.explore.2014.08.002,25443423,2014,Journal Article;Randomized Controlled Trial,excluded at screening,,burnout not mentioned
P322,PubMed (MeSH),Feasibility and acceptability of a resilience training program for intensive care unit nurses.,10.4037/ajcc2014747,25362680,2014,"Journal Article;Randomized Controlled Trial;Research Support, N.I.H., Extramural",excluded at screening,,no digital delivery wording
P323,PubMed (MeSH),The effects of compensatory workplace exercises to reduce work-related stress and musculoskeletal pain.,10.1590/0104-1169.3222.2461,25296147,2014,"Journal Article;Randomized Controlled Trial;Research Support, Non-U.S. Gov't",excluded at screening,,burnout not mentioned
P324,PubMed (MeSH),Decreased heart rate variability in surgeons during night shifts.,10.1503/cjs.028813,25265102,2014,"Journal Article;Randomized Controlled Trial;Research Support, Non-U.S. Gov't",excluded at screening,,burnout not mentioned
P325,PubMed (MeSH),Supporting direct care workers in dementia care: effects of a psychoeducational intervention.,10.1177/1533317514550331,25237132,2015,"Journal Article;Randomized Controlled Trial;Research Support, Non-U.S. Gov't",excluded at screening,,no digital delivery wording
P326,PubMed (MeSH),Long-term stability of return to work after a workplace-oriented intervention for patients on sick leave for burnout.,10.1186/1471-2458-14-821,25106094,2014,"Journal Article;Randomized Controlled Trial;Research Support, Non-U.S. Gov't",excluded at screening,,no randomized allocation
P327,PubMed (MeSH),[Occupational burdens in special educators working with intellectually disabled students].,,25090853,2014,Comparative Study;Journal Article;Randomized Controlled Trial,excluded at screening,,no randomized allocation
P328,PubMed (MeSH),The prevalence of burnout syndrome in Polish anaesthesiologists.,10.5603/AIT.2014.0028,25078767,2014,Journal Article;Observational Study,excluded at screening,,no digital delivery wording
P329,PubMed (MeSH),Effectiveness of a mindfulness education program in primary health care professionals: a pragmatic controlled trial.,10.1002/chp.21211,24648359,2014,Journal Article;Randomized Controlled Trial;Pragmatic Clinical Trial,excluded at screening,,no digital delivery wording
P330,PubMed (MeSH),"Effect of transcendental meditation on employee stress, depression, and burnout: a randomized controlled study.",10.7812/TPP/13-102,24626068,2014,"Journal Article;Randomized Controlled Trial;Research Support, Non-U.S. Gov't",excluded at screening,,no digital delivery wording
P331,PubMed (MeSH),"Intervention to promote physician well-being, job satisfaction, and professionalism: a randomized clinical trial.",10.1001/jamainternmed.2013.14387,24515493,2014,"Journal Article;Randomized Controlled Trial;Research Support, Non-U.S. Gov't",excluded at screening,,no digital delivery wording
P332,PubMed (MeSH),Prevalence and associated risk factors of burnout among US doctors of chiropractic.,10.1016/j.jmpt.2013.12.008,24387887,2014,Journal Article,excluded at screening,,no digital delivery wording
P333,PubMed (MeSH),Effectiveness of an intervention for prevention and treatment of burnout in primary health care professionals.,10.1186/1471-2296-14-173,24237937,2013,"Journal Article;Randomized Controlled Trial;Research Support, Non-U.S. Gov't",excluded at screening,,no digital delivery wording
P334,PubMed (MeSH),Helping the helpers: mindfulness training for burnout in pediatric oncology--a pilot program.,10.1177/1043454213504497,24101747,2013,"Journal Article;Randomized Controlled Trial;Research Support, Non-U.S. Gov't",excluded at screening,,no digital delivery wording
P335,PubMed (MeSH),Improving classroom learning environments by Cultivating Awareness and Resilience in Education (CARE): results of a randomized controlled trial.,10.1037/spq0000035,24015983,2013,"Journal Article;Randomized Controlled Trial;Research Support, Non-U.S. Gov't;Research Support, U.S. Gov't, Non-P.H.S.",excluded at screening,,no digital delivery wording
P336,PubMed (MeSH),"Urinary interleukin-8 is a biomarker of stress in emergency physicians, especially with advancing age--the JOBSTRESS* randomized trial.",10.1371/journal.pone.0071658,23977105,2013,"Journal Article;Randomized Controlled Trial;Research Support, Non-U.S. Gov't",excluded at screening,,burnout not mentioned
P337,PubMed (MeSH),[Stress Management Interventions at the Workplace Improve Perceived Stress Reactivity of Men at Higher Risk].,10.1055/s-0032-1331252,23954983,2015,Journal Article;Randomized Controlled Trial,excluded at screening,,burnout not mentioned
P338,PubMed (MeSH),Mindfulness training for stress management: a randomised controlled study of medical and psychology students.,10.1186/1472-6920-13-107,23941053,2013,"Journal Article;Randomized Controlled Trial;Research Support, Non-U.S. Gov't",excluded at screening,,no digital delivery wording
P339,PubMed (MeSH),A pilot study of a primary prevention curriculum to address preschool behavior problems.,10.1007/s10935-013-0316-1,23897498,2013,"Journal Article;Research Support, N.I.H., Extramural",excluded at screening,,burnout not mentioned
P340,PubMed (MeSH),Prevalence of burnout among doctors of chiropractic in the northeastern United States.,10.1016/j.jmpt.2013.05.025,23896167,2013,"Journal Article;Research Support, Non-U.S. Gov't",excluded at screening,,no digital delivery wording
P341,PubMed (MeSH),A pilot study examining moral distress in nurses working in one United States burn center.,10.1097/BCR.0b013e31828c7397,23884046,2013,Comparative Study;Journal Article;Randomized Controlled Trial,excluded at screening,,burnout not mentioned
P342,PubMed (MeSH),Improving therapist psychological flexibility while training acceptance and commitment therapy: a pilot study.,10.1080/16506073.2012.701662,23505991,2013,Journal Article;Randomized Controlled Trial,excluded at screening,,no digital delivery wording
P343,PubMed (MeSH),A systematic review of stress-management programs for medical students.,10.1176/appi.ap.12010003,23446664,2013,Journal Article;Systematic Review,excluded at screening,,non-article publication type or review
P344,PubMed (MeSH),"Hypnotic tape intervention ameliorates stress: a randomized, control study.",10.1080/00207144.2013.753820,23427838,2013,Journal Article;Randomized Controlled Trial,excluded,POP,Volunteers from mixed groups; not a working population
P345,PubMed (MeSH),"[Presenteeism, Absenteeism and psychosocial stress at work among German clinicians in surgery].",10.1055/s-0032-1331720,23292967,2013,Journal Article;Multicenter Study,excluded at screening,,burnout not mentioned
P346,PubMed (MeSH),Burnout intervention studies for inpatient elderly care nursing staff: systematic literature review.,10.1016/j.ijnurstu.2012.12.001,23273537,2014,Journal Article;Systematic Review,excluded at screening,,non-article publication type or review
P347,PubMed (MeSH),A manual-based group program to improve mental health: what kind of teachers are interested and who stands to benefit from this program?,10.1007/s00420-012-0832-y,23212894,2014,"Journal Article;Randomized Controlled Trial;Research Support, Non-U.S. Gov't",excluded at screening,,no randomized allocation
P348,PubMed (MeSH),"Effects of 2- vs 4-week attending physician inpatient rotations on unplanned patient revisits, evaluations by trainees, and attending physician burnout: a randomized trial.",10.1001/jama.2012.36522,23212497,2012,"Comparative Study;Journal Article;Randomized Controlled Trial;Research Support, Non-U.S. Gov't",excluded at screening,,no digital delivery wording
P349,PubMed (MeSH),"Better interprofessional teamwork, higher level of organized care, and lower risk of burnout in acute health care teams using care pathways: a cluster randomized controlled trial.",10.1097/MLR.0b013e3182763312,23132203,2013,Journal Article;Randomized Controlled Trial,excluded at screening,,no digital delivery wording
P350,PubMed (MeSH),"Supporting teachers and children in schools: the effectiveness and cost-effectiveness of the Incredible Years teacher classroom management programme in primary school children: a cluster randomised controlled trial, with parallel economic and process evaluations.",10.1186/1471-2458-12-719,22935476,2012,"Journal Article;Randomized Controlled Trial;Research Support, Non-U.S. Gov't",excluded at screening,,burnout not mentioned
P351,PubMed (MeSH),Effects of rehabilitation programmes for patients on long-term sick leave for burnout: a 3-year follow-up of the REST study.,10.2340/16501977-1003,22729797,2012,Comparative Study;Journal Article;Randomized Controlled Trial,excluded at screening,,no digital delivery wording
P352,PubMed (MeSH),Effects of supervision modality and intensity on alliance and outcomes for the supervisee.,10.1037/a0027452,22686556,2012,"Comparative Study;Journal Article;Randomized Controlled Trial;Research Support, Non-U.S. Gov't",excluded at screening,,no randomized allocation
P353,PubMed (MeSH),[Burnout and job satisfaction among nursing professionals].,,22420356,2012,"English Abstract;Journal Article;Research Support, Non-U.S. Gov't",excluded at screening,,no digital delivery wording
P354,PubMed (MeSH),"Occupational burnout, eating behavior, and weight among working women.",10.3945/ajcn.111.014191,22378728,2012,"Journal Article;Randomized Controlled Trial;Research Support, Non-U.S. Gov't",excluded at screening,,no digital delivery wording
P355,PubMed (MeSH),"Job characteristics, satisfaction, and burnout across hospitalist practice models.",10.1002/jhm.1907,22271510,2012,"Journal Article;Multicenter Study;Randomized Controlled Trial;Research Support, Non-U.S. Gov't;Research Support, U.S. Gov't, P.H.S.",excluded at screening,,no digital delivery wording
P356,PubMed (MeSH),Impact of a brief intervention on the burnout levels of pediatric residents.,10.2223/JPED.2127,22170452,2011,Journal Article;Randomized Controlled Trial,excluded at screening,,no digital delivery wording
P357,PubMed (MeSH),Burnout and effort-reward imbalance improvement for teachers by a manual-based group program.,10.1007/s00420-011-0712-x,22038086,2012,"Journal Article;Randomized Controlled Trial;Research Support, Non-U.S. Gov't",excluded at screening,,no digital delivery wording
P358,PubMed (MeSH),The application of Reiki in nurses diagnosed with Burnout Syndrome has beneficial effects on concentration of salivary IgA and blood pressure.,10.1590/s0104-11692011000500010,22030577,2011,Journal Article;Randomized Controlled Trial,excluded at screening,,no digital delivery wording
P359,PubMed (MeSH),Two forms of group therapy and individual treatment of work-related depression: a one-year follow-up study.,10.1521/ijgp.2011.61.4.538,21985258,2011,"Journal Article;Randomized Controlled Trial;Research Support, Non-U.S. Gov't",excluded at screening,,burnout not mentioned
P360,PubMed (MeSH),How do teachers with self-reported voice problems differ from their peers with self-reported voice health?,10.1016/j.jvoice.2011.06.005,21889297,2012,"Journal Article;Research Support, Non-U.S. Gov't",excluded at screening,,no digital delivery wording
P361,PubMed (MeSH),"Immediate effects of reiki on heart rate variability, cortisol levels, and body temperature in health care professionals with burnout.",10.1177/1099800410389166,21821642,2011,Historical Article;Journal Article;Randomized Controlled Trial,excluded at screening,,no digital delivery wording
P362,PubMed (MeSH),Worklife and satisfaction of hospitalists: toward flourishing careers.,10.1007/s11606-011-1780-z,21773849,2012,"Comparative Study;Journal Article;Randomized Controlled Trial;Research Support, Non-U.S. Gov't;Research Support, U.S. Gov't, P.H.S.",excluded at screening,,no randomized allocation
P363,PubMed (MeSH),Continuity of care in intensive care units: a cluster-randomized trial of intensivist staffing.,10.1164/rccm.201103-0555OC,21719756,2011,Journal Article;Multicenter Study;Randomized Controlled Trial,excluded at screening,,no digital delivery wording
P364,PubMed (MeSH),Acceptance and commitment therapy for the treatment of stress among social workers: a randomized controlled trial.,10.1016/j.brat.2011.03.009,21513917,2011,Journal Article;Randomized Controlled Trial,excluded at screening,,no digital delivery wording
P365,PubMed (MeSH),An evaluation of the outcomes of psychosocial intervention training for qualified and unqualified nursing staff working in a low-secure mental health unit.,10.1111/j.1365-2850.2010.01629.x,21214685,2011,Journal Article;Randomized Controlled Trial,excluded at screening,,no digital delivery wording
P366,PubMed (MeSH),Health effects on leaders and co-workers of an art-based leadership development program.,10.1159/000321557,21196805,2011,"Journal Article;Multicenter Study;Randomized Controlled Trial;Research Support, Non-U.S. Gov't",excluded at screening,,burnout not mentioned
P367,PubMed (MeSH),An RCT of coping and support groups to reduce burnout among nurses.,10.1111/j.1466-7657.2010.00808.x,21050201,2010,Journal Article;Randomized Controlled Trial,excluded at screening,,no digital delivery wording
P368,PubMed (MeSH),Reducing teachers' psychological distress through a mindfulness training program.,10.1017/s1138741600002328,20977015,2010,Journal Article;Multicenter Study;Randomized Controlled Trial,excluded at screening,,burnout not mentioned
P369,PubMed (MeSH),"Communication skills, working environment and burnout among oncology nurses.",10.1016/j.ejon.2010.08.001,20863757,2011,Journal Article;Multicenter Study,excluded at screening,,no digital delivery wording
P370,PubMed (MeSH),"Efficacy of a communication and stress management training on medical residents' self-efficacy, stress to communicate and burnout: a randomized controlled study.",10.1177/1359105310361992,20453053,2010,"Journal Article;Randomized Controlled Trial;Research Support, Non-U.S. Gov't",excluded at screening,,no digital delivery wording
P371,PubMed (MeSH),The effect of spiritual retreat on nurses' spirituality: a randomized controlled study.,10.1097/HNP.0b013e3181dd47dd,20421752,2010,"Journal Article;Randomized Controlled Trial;Research Support, Non-U.S. Gov't",excluded at screening,,burnout not mentioned
P372,PubMed (MeSH),Preventive staff-support interventions for health workers.,10.1002/14651858.CD003541.pub2,20238322,2010,Journal Article;Systematic Review,excluded at screening,,non-article publication type or review
P373,PubMed (MeSH),Incidence of burnout in Spanish nursing professionals: a longitudinal study.,10.1016/j.ijnurstu.2009.12.022,20096838,2010,"Journal Article;Research Support, Non-U.S. Gov't",excluded at screening,,no digital delivery wording
P374,PubMed (MeSH),Insight on variables leading to burnout in cancer physicians.,10.1007/s13187-009-0026-9,20082173,2010,"Journal Article;Randomized Controlled Trial;Research Support, Non-U.S. Gov't",excluded at screening,,no randomized allocation
P375,PubMed (MeSH),[Writing about emotional dissonance in client experiences benefits human service professionals].,10.4992/jjpsy.80.295,19938654,2009,English Abstract;Journal Article;Randomized Controlled Trial,excluded at screening,,no digital delivery wording
P376,PubMed (MeSH),Effects of Qigong in patients with burnout: a randomized controlled trial.,10.2340/16501977-0417,19774311,2009,"Journal Article;Randomized Controlled Trial;Research Support, Non-U.S. Gov't",excluded at screening,,no digital delivery wording
P377,PubMed (MeSH),"Association of an educational program in mindful communication with burnout, empathy, and attitudes among primary care physicians.",10.1001/jama.2009.1384,19773563,2009,"Clinical Trial;Journal Article;Research Support, N.I.H., Extramural;Research Support, Non-U.S. Gov't",excluded at screening,,no digital delivery wording
P378,PubMed (MeSH),Turkish nurses' perspectives on a programme to reduce burnout.,10.1111/j.1466-7657.2008.00682.x,19646174,2009,Comparative Study;Journal Article;Randomized Controlled Trial,excluded at screening,,no randomized allocation
P379,PubMed (MeSH),Nurse leader mindfulness meditation program for stress management: a randomized controlled trial.,10.1097/NNA.0b013e31819894a0,19590469,2009,"Journal Article;Randomized Controlled Trial;Research Support, Non-U.S. Gov't",excluded at screening,,burnout not mentioned
P380,PubMed (MeSH),Impact of enhanced resources on anticipatory stress and adjustment to new information technology: a field-experimental test of conservation of resources theory.,10.1037/a0015282,19586218,2009,Journal Article;Randomized Controlled Trial,excluded,DIGITAL,"In-person resource workshop; new information technology was the stressor, not the intervention"
P381,PubMed (MeSH),Training in dementia care: a cluster-randomized controlled trial of a training program for nursing home staff in Germany.,10.1017/S1041610208008387,19193252,2009,"Comparative Study;Journal Article;Randomized Controlled Trial;Research Support, Non-U.S. Gov't",excluded at screening,,no digital delivery wording
P382,PubMed (MeSH),Impact of a meaning-centered intervention on job satisfaction and on quality of life among palliative care nurses.,10.1002/pon.1513,19165757,2009,"Journal Article;Randomized Controlled Trial;Research Support, Non-U.S. Gov't",excluded at screening,,burnout not mentioned
P383,PubMed (MeSH),Burnout assessment in house officers: evaluation of an intervention to reduce stress.,10.1080/01421590802208552,19156563,2009,Journal Article;Randomized Controlled Trial,excluded at screening,,no randomized allocation
P384,PubMed (MeSH),Cognitive-affective resilience indicia as predictors of burnout and job-related outcome.,,19112930,2008,"Journal Article;Research Support, Non-U.S. Gov't;Research Support, U.S. Gov't, P.H.S.",excluded at screening,,no digital delivery wording
P385,PubMed (MeSH),Effects of an intervention aimed at improving nurse-patient communication in an oncology outpatient clinic.,10.1097/01.NCC.0000343365.13871.12,19104193,2009,"Journal Article;Randomized Controlled Trial;Research Support, Non-U.S. Gov't",excluded at screening,,burnout not mentioned
P386,PubMed (MeSH),Psychometric properties of scales in the General Nordic Questionnaire for Psychological and Social Factors at Work (QPS): confirmatory factor analysis and prediction of certified long-term sickness absence.,10.1111/j.1467-9450.2008.00697.x,19037910,2009,"Journal Article;Randomized Controlled Trial;Research Support, Non-U.S. Gov't",excluded at screening,,burnout not mentioned
P387,PubMed (MeSH),Cognitive behaviour therapy within assertive outreach teams: barriers to implementation: a qualitative peer audit.,10.1111/j.1365-2850.2008.01332.x,19012676,2008,Journal Article;Review,excluded at screening,,non-article publication type or review
P388,PubMed (MeSH),Resident physician burnout: is there hope?,,18830837,2008,"Journal Article;Research Support, U.S. Gov't, P.H.S.;Systematic Review",excluded at screening,,non-article publication type or review
P389,PubMed (MeSH),Qigong stress reduction in hospital staff.,10.1089/acm.2007.0814,18823261,2008,"Journal Article;Randomized Controlled Trial;Research Support, N.I.H., Extramural;Research Support, U.S. Gov't, Non-P.H.S.",excluded at screening,,burnout not mentioned
P390,PubMed (MeSH),Systematic review of interventions for reducing occupational stress in health care workers.,10.5271/sjweh.1240,18728906,2008,"Journal Article;Meta-Analysis;Research Support, Non-U.S. Gov't;Systematic Review",excluded at screening,,non-article publication type or review
P391,PubMed (MeSH),Reflecting peer-support groups in the prevention of stress and burnout: randomized controlled trial.,10.1111/j.1365-2648.2008.04743.x,18727753,2008,"Journal Article;Randomized Controlled Trial;Research Support, Non-U.S. Gov't",excluded at screening,,no digital delivery wording
P392,PubMed (MeSH),Psychosocial interventions for prevention of psychological disorders in law enforcement officers.,10.1002/14651858.CD005601.pub2,18646132,2008,Journal Article;Systematic Review,excluded at screening,,non-article publication type or review
P393,PubMed (MeSH),Burn-out in the dialysis unit.,,18446751,2008,Journal Article;Multicenter Study,excluded at screening,,no digital delivery wording
P394,PubMed (MeSH),Individual and group cognitive-behavioral treatment for work-related stress complaints and sickness absence: a randomized controlled trial.,10.1037/1076-8998.13.3.214,18572993,2008,"Comparative Study;Journal Article;Randomized Controlled Trial;Research Support, Non-U.S. Gov't",excluded at screening,,no digital delivery wording
P395,PubMed (MeSH),[Burnout prevalence in pediatricians of general hospitals].,10.1590/s0034-89102008000300009,18470366,2008,English Abstract;Journal Article,excluded at screening,,no digital delivery wording
P396,PubMed (MeSH),Alliance to the group-as-a-whole as a predictor of outcome in psychodynamic group therapy.,10.1521/ijgp.2008.58.2.163,18399737,2008,"Journal Article;Randomized Controlled Trial;Research Support, Non-U.S. Gov't",excluded at screening,,no randomized allocation
P397,PubMed (MeSH),Development and validation of a brief Occupational Coping Self-Efficacy Questionnaire for Nurses.,10.1111/j.1365-2648.2007.04582.x,18394036,2008,"Journal Article;Research Support, Non-U.S. Gov't;Validation Study",excluded at screening,,no digital delivery wording
P398,PubMed (MeSH),Managing behavioural symptoms of dementia: effectiveness of staff education and peer support.,10.1080/13607860701366012,18297478,2008,Journal Article;Randomized Controlled Trial,excluded at screening,,no digital delivery wording
P399,PubMed (MeSH),"Can mentors prevent and reduce burnout in new chairs of departments of obstetrics and gynecology: results from a prospective, randomized pilot study.",10.1016/j.ajog.2007.11.004,18279823,2008,"Journal Article;Randomized Controlled Trial;Research Support, Non-U.S. Gov't",excluded at screening,,no digital delivery wording
P400,PubMed (MeSH),Developing ethical competence in health care organizations.,10.1177/0969733007082142,17901191,2007,"Journal Article;Multicenter Study;Randomized Controlled Trial;Research Support, Non-U.S. Gov't",excluded at screening,,burnout not mentioned
P401,PubMed (MeSH),The effect of aromatherapy massage with music on the stress and anxiety levels of emergency nurses: comparison between summer and winter.,10.1111/j.1365-2702.2007.01709.x,17727588,2007,"Comparative Study;Journal Article;Randomized Controlled Trial;Research Support, Non-U.S. Gov't",excluded at screening,,burnout not mentioned
P402,PubMed (MeSH),The psychobiology of burnout: are there two different syndromes?,10.1159/000106056,17641533,2007,"Journal Article;Randomized Controlled Trial;Research Support, Non-U.S. Gov't",excluded at screening,,no randomized allocation
P403,PubMed (MeSH),"Display rules versus display autonomy: emotion regulation, emotional exhaustion, and task performance in a call center simulation.",10.1037/1076-8998.12.3.301,17638495,2007,Journal Article;Randomized Controlled Trial,excluded at screening,,no randomized allocation
P404,PubMed (MeSH),Burnout in nursing.,,17518165,2007,Journal Article;Randomized Controlled Trial,excluded at screening,,no digital delivery wording
P405,PubMed (MeSH),[A study of the occupational stress norm and it' s application for the technical group and scientific research group].,,17290766,2006,"English Abstract;Journal Article;Research Support, Non-U.S. Gov't",excluded at screening,,burnout not mentioned
P406,PubMed (MeSH),Enhancing meaning in palliative care practice: a meaning-centered intervention to promote job satisfaction.,10.1017/s1478951506060445,17133893,2006,"Evaluation Study;Journal Article;Research Support, Non-U.S. Gov't",excluded at screening,,no digital delivery wording
P407,PubMed (MeSH),Four-year longitudinal study of behavioral changes in coping with stress.,10.5555/ajhb.2006.30.6.602,17096618,2006,Journal Article;Randomized Controlled Trial,excluded at screening,,no randomized allocation
P408,PubMed (MeSH),"[Study on the occupational stress norm and it's application for the marketing group, public service/safety group and production laborer group].",,17086713,2006,"English Abstract;Journal Article;Research Support, Non-U.S. Gov't",excluded at screening,,burnout not mentioned
P409,PubMed (MeSH),[Study of the occupational stress norm and it's application for the executive group and administrative support group].,,16986528,2006,"English Abstract;Journal Article;Research Support, Non-U.S. Gov't",excluded at screening,,burnout not mentioned
P410,PubMed (MeSH),Stressing the group: social identity and the unfolding dynamics of responses to stress.,10.1037/0021-9010.91.5.1037,16953766,2006,Journal Article,excluded at screening,,burnout not mentioned
P411,PubMed (MeSH),Prevention of low back pain in female eldercare workers: randomized controlled work site trial.,10.1097/01.brs.0000227326.35149.38,16845347,2006,"Journal Article;Randomized Controlled Trial;Research Support, Non-U.S. Gov't",excluded at screening,,burnout not mentioned
P412,PubMed (MeSH),Interventions to reduce back pain in rehabilitation hospital nursing staff.,10.1002/j.2048-7940.2006.tb00377.x,16789671,2006,Journal Article;Randomized Controlled Trial,excluded,DIGITAL,Ergonomic and back-care interventions
P413,PubMed (MeSH),Back pain in direct patient care providers: early intervention with cognitive behavioral therapy.,10.1016/j.pmn.2006.02.002,16730318,2006,"Journal Article;Randomized Controlled Trial;Research Support, Non-U.S. Gov't",excluded at screening,,burnout not mentioned
P414,PubMed (MeSH),A brief mindfulness-based stress reduction intervention for nurses and nurse aides.,10.1016/j.apnr.2005.08.002,16728295,2006,Journal Article;Randomized Controlled Trial,excluded at screening,,no randomized allocation
P415,PubMed (MeSH),Recreational music-making: an integrative group intervention for reducing burnout and improving mood states in first year associate degree nursing students: insights and economic impact.,10.2202/1548-923x.1044,16646877,2004,"Journal Article;Randomized Controlled Trial;Research Support, Non-U.S. Gov't",excluded at screening,,no digital delivery wording
P416,PubMed (MeSH),Evaluation of an open-rota system in a Danish psychiatric hospital: a mechanism for improving job satisfaction and work-life balance.,10.1111/j.1365-2934.2006.00617.x,16629842,2006,"Journal Article;Randomized Controlled Trial;Research Support, Non-U.S. Gov't",excluded at screening,,burnout not mentioned
P417,PubMed (MeSH),Solution-focused intervention for sick listed employees with psychological problems or muscle skeletal pain: a randomised controlled trial [ISRCTN39140363].,10.1186/1471-2458-6-69,16542443,2006,"Journal Article;Randomized Controlled Trial;Research Support, Non-U.S. Gov't",excluded at screening,,burnout not mentioned
P418,PubMed (MeSH),Effects of writing about emotions versus goals on psychological and physical health among third-year medical students.,10.1111/j.1467-6494.2005.00375.x,16451232,2006,"Journal Article;Randomized Controlled Trial;Research Support, Non-U.S. Gov't",excluded at screening,,burnout not mentioned
P419,PubMed (MeSH),An intervention to reduce work-related burnout in teachers.,10.1080/10803548.2005.11076661,16329785,2005,Comparative Study;Journal Article;Randomized Controlled Trial,excluded at screening,,no digital delivery wording
P420,PubMed (MeSH),The effects of the implementation of snoezelen on the quality of working life in psychogeriatric care.,10.1017/s1041610205002176,16252374,2005,"Journal Article;Multicenter Study;Randomized Controlled Trial;Research Support, Non-U.S. Gov't",excluded at screening,,no randomized allocation
P421,PubMed (MeSH),"The effects of mindfulness-based stress reduction on nurse stress and burnout: a qualitative and quantitative study, part III.",10.1097/00004650-200503000-00009,15871591,2005,Clinical Trial;Journal Article;Randomized Controlled Trial,excluded at screening,,no randomized allocation
P422,PubMed (MeSH),The effect of a cognitive and a physical stress-reducing programme on psychological complaints.,10.1007/s00420-004-0566-6,15761748,2005,"Clinical Trial;Journal Article;Randomized Controlled Trial;Research Support, Non-U.S. Gov't",excluded at screening,,no digital delivery wording
P423,PubMed (MeSH),Relaxation training methods for nurse managers in Hong Kong: a controlled study.,10.1111/j.1445-8330.2004.00342.x,15660594,2004,Clinical Trial;Journal Article;Randomized Controlled Trial,excluded at screening,,burnout not mentioned
P424,PubMed (MeSH),An occupational health intervention programme for workers at risk for early retirement; a randomised controlled trial.,10.1136/oem.2003.009746,15477286,2004,Clinical Trial;Journal Article;Randomized Controlled Trial,excluded,DIGITAL,Occupational-physician programme; no digital delivery
P425,PubMed (MeSH),Does moderate alcohol use affect health-care costs? A propensity analysis of female health-care workers.,10.1111/j.1360-0443.2004.00688.x,15078236,2004,"Journal Article;Research Support, U.S. Gov't, P.H.S.",excluded at screening,,burnout not mentioned
P426,PubMed (MeSH),Recreational music-making: a cost-effective group interdisciplinary strategy for reducing burnout and improving mood states in long-term care workers.,,14686266,2003,"Clinical Trial;Comment;Journal Article;Randomized Controlled Trial;Research Support, Non-U.S. Gov't",excluded at screening,,no digital delivery wording
P427,PubMed (MeSH),A pilot feasibility study of the effects of touch therapy on nurses.,,14639777,2003,"Clinical Trial;Journal Article;Randomized Controlled Trial;Research Support, Non-U.S. Gov't",excluded at screening,,burnout not mentioned
P428,PubMed (MeSH),Measuring and enhancing self-efficacy among professional caregivers of individuals with dementia.,10.1177/153331750301800507,14569646,2003,"Clinical Trial;Journal Article;Randomized Controlled Trial;Research Support, Non-U.S. Gov't",excluded at screening,,no randomized allocation
P429,PubMed (MeSH),Feasibility and effectiveness of offering a solution-focused follow-up to employees with psychological problems or muscle skeletal pain: a randomised controlled trial.,10.1186/1471-2458-3-19,12783624,2003,"Clinical Trial;Journal Article;Randomized Controlled Trial;Research Support, Non-U.S. Gov't",excluded at screening,,burnout not mentioned
P430,PubMed (MeSH),Effects of emotion-oriented care on work-related outcomes of professional caregivers in homes for elderly persons.,10.1093/geronb/58.1.s50,12496308,2003,"Clinical Trial;Journal Article;Randomized Controlled Trial;Research Support, Non-U.S. Gov't",excluded at screening,,no digital delivery wording
P431,PubMed (MeSH),A critical ethnographic approach to facilitating cultural shift in midwifery.,10.1054/midw.2002.0293,11945052,2002,Journal Article,excluded at screening,,burnout not mentioned
P432,PubMed (MeSH),Does training in psychosocial interventions reduce burnout rates in forensic nurses?,10.1046/j.1365-2648.2002.02115.x,11843986,2002,Clinical Trial;Journal Article;Randomized Controlled Trial,excluded at screening,,no digital delivery wording
P433,PubMed (MeSH),Clinical supervision and support for nurses: an evaluation study.,10.1046/j.1365-2648.2001.01656.x,11168705,2001,"Clinical Trial;Comparative Study;Journal Article;Multicenter Study;Randomized Controlled Trial;Research Support, Non-U.S. Gov't",excluded at screening,,no randomized allocation
P434,PubMed (MeSH),"Burnout in substance abuse counselors. Impact of environment, attitudes, and clients with HIV.",10.1016/s0740-5472(99)00106-3,10963923,2000,"Clinical Trial;Journal Article;Randomized Controlled Trial;Research Support, U.S. Gov't, P.H.S.",excluded at screening,,no randomized allocation
P435,PubMed (MeSH),Stress reduction by technology? An experimental study into the effects of brainmachines on burnout and state anxiety.,10.1023/a:1009514824951,10932334,2000,Clinical Trial;Journal Article;Randomized Controlled Trial,excluded at screening,,no randomized allocation
P436,PubMed (MeSH),Impact of a participatory organizational intervention on job characteristics and job stress.,10.2190/KLPQ-FTH3-WHH5-PPP1,10615579,1999,Clinical Trial;Journal Article;Multicenter Study;Randomized Controlled Trial,excluded at screening,,burnout not mentioned
P437,PubMed (MeSH),Teaching health-care providers coping: results of a two-year study.,10.1023/a:1018661508593,10586384,1999,Clinical Trial;Journal Article;Randomized Controlled Trial,excluded at screening,,no randomized allocation
P438,PubMed (MeSH),The impact of work related trauma on the psychological health of nursing staff: a cross sectional study.,,10425989,1999,"Journal Article;Research Support, Non-U.S. Gov't",excluded at screening,,burnout not mentioned
P439,PubMed (MeSH),Effects of mailed advice on stress reduction among employees in Japan: a randomized controlled trial.,10.2486/indhealth.37.237,10319572,1999,"Clinical Trial;Journal Article;Randomized Controlled Trial;Research Support, Non-U.S. Gov't",excluded at screening,,burnout not mentioned
P440,PubMed (MeSH),The development of a nurse stress checklist from English to Chinese version.,10.3109/01612849709012492,9362716,1997,Clinical Trial;Journal Article;Randomized Controlled Trial,excluded at screening,,burnout not mentioned
P441,PubMed (MeSH),Stress management in work settings: a critical review of the health effects.,10.4278/0890-1171-11.2.112,10163598,1996,Journal Article;Review,excluded at screening,,non-article publication type or review
P442,PubMed (MeSH),Perspectives concerning consumers as case managers.,10.1007/BF02249366,8635316,1996,"Clinical Trial;Journal Article;Randomized Controlled Trial;Research Support, U.S. Gov't, P.H.S.",excluded at screening,,no digital delivery wording
P443,PubMed (MeSH),Stress and its relationship to expressed emotion in community mental health workers.,10.1177/002076409604200209,8811399,1996,Clinical Trial;Journal Article;Randomized Controlled Trial,excluded at screening,,no randomized allocation
P444,PubMed (MeSH),Confirmatory factor analysis of the Maslach Burnout Inventory.,,10144841,1995,"Clinical Trial;Journal Article;Randomized Controlled Trial;Research Support, U.S. Gov't, Non-P.H.S.",excluded at screening,,Reviewer: Psychometric analysis; not a trial
P445,PubMed (MeSH),A structural model of the dimensions of teacher stress.,10.1111/j.2044-8279.1995.tb01130.x,7727267,1995,Clinical Trial;Journal Article;Randomized Controlled Trial,excluded at screening,,burnout not mentioned
P446,PubMed (MeSH),"Effect of assertiveness training on levels of stress and assertiveness experienced by nurses in Taiwan, Republic of China.",10.3109/01612849409006918,8056571,1994,Clinical Trial;Journal Article;Randomized Controlled Trial,excluded at screening,,burnout not mentioned
P447,PubMed (MeSH),Impact of regular relaxation training on the cardiac autonomic nervous system of hospital cleaners and bank employees.,10.5271/sjweh.1468,8296180,1993,"Clinical Trial;Journal Article;Randomized Controlled Trial;Research Support, Non-U.S. Gov't",excluded at screening,,burnout not mentioned
P448,PubMed (MeSH),"Coping modeling problem solving versus mastery modeling: effects on adherence, in-session process, and skill acquisition in a residential parent-training program.",10.1037//0022-006x.61.5.871,8245284,1993,"Clinical Trial;Journal Article;Randomized Controlled Trial;Research Support, Non-U.S. Gov't",excluded at screening,,burnout not mentioned
P449,Europe PMC (delivery-term search 1),Impact and implementation evaluation of Stress First Aid for the Substance Use Outreach Workforce (SFA/SUOW): protocol of a hybrid type I cluster randomized control trial.,10.1186/s13063-026-09856-4,42323672,2026,Clinical Trial Protocol;research-article;Journal Article,excluded at screening,,protocol
P450,Europe PMC (delivery-term search 1),Web Exclusive. Annals Video Summary - Efficacy of Individual-Level Interventions to Mitigate the Risk for Burnout Among Health Care Professionals: A Systematic Review and Meta-analysis of Randomized Controlled Trials.,10.7326/annals-25-04275-vs,41248503,2026,Video-Audio Media,excluded at screening,,non-article publication type or review
P451,Europe PMC (delivery-term search 1),Five Practical Video Modules to Reduce Physician Burnout Through Mindfulness and Systematic Review of Evidence.,10.1097/gox.0000000000006878,40861503,2025,research-article;Journal Article,excluded at screening,,review
P452,Europe PMC (delivery-term search 1),Professional Coaching to Reduce Physician Burnout: A Randomized Clinical Trial.,10.1007/s11606-025-09653-w,40643743,2025,Journal Article,included,,Virtual one-on-one or group professional coaching vs waitlist in attending physicians; MBI primary
P453,Europe PMC (delivery-term search 1),"Effects of building resilience skills among undergraduate medical students in a multi-cultural, multi-ethnic setting in the United Arab Emirates: A convergent mixed methods study.",10.1371/journal.pone.0308774,40014577,2025,research-article;Journal Article,excluded,POP,Undergraduate medical students
P454,Europe PMC (delivery-term search 1),Leadership Coaching as an Implementation Strategy to Enhance Adoption of a Relational Playbook and Team Well-Being: A Pilot Randomized Clinical Trial In Cardiology,10.21203/rs.3.rs-9612173/v1,,2026,Preprint,excluded,REPORT,Unpublished preprint without peer review (only peer-reviewed reports are eligible)
P455,Europe PMC (delivery-term search 1),Effect of a mindfulness-based cognitive behavior therapy intervention on occupational burnout among school teachers.,10.3389/fpsyt.2024.1496205,39925706,2024,research-article;Journal Article,included,,"Virtual mindfulness-based CBT vs usual activities in secondary-school teachers, Nepal; MBI-Educators Survey"
P456,Europe PMC (delivery-term search 1),"Authentic leadership, sustainable employee well-being and retention: a multi-method study.",10.1186/s40359-026-04983-8,42304440,2026,research-article;Journal Article,excluded at screening,,Reviewer: Survey study
P457,Europe PMC (delivery-term search 1),When emergency physicians meet patients displaying irritable behaviours: a randomised vignette-based experiment investigating physicians' emotions and clinical reasoning.,10.1136/bmjqs-2025-019061,42437698,2026,Journal Article,excluded at screening,,Reviewer: Vignette experiment; not an intervention trial
P458,Europe PMC (delivery-term search 1),Stress first aid for the harm reduction workforce: pilot test results of an occupational stress intervention.,10.1186/s12889-026-27343-y,41992234,2026,research-article;Journal Article,excluded,DESIGN,Pilot with a convenience sample; no randomized comparison reported
P459,Europe PMC (delivery-term search 1),"The effect of remote scribes on primary care physicians' wellness, EHR satisfaction, and EHR use.",10.1016/j.hjdsi.2022.100663,36375356,2022,Journal Article,excluded,DESIGN,Pre-post non-randomized controlled evaluation
P460,Europe PMC (delivery-term search 1),"A character-strengths based coaching intervention to improve wellbeing of rural community health workers in Madhya Pradesh, India: Protocol for a single-blind randomized controlled trial.",10.1016/j.conctc.2024.101377,39429947,2024,research-article;Journal Article,excluded at screening,,protocol
P461,Europe PMC (delivery-term search 1),Heartfulness meditation improves loneliness and sleep in physicians and advance practice providers during COVID-19 pandemic.,10.1080/21548331.2021.1896858,33682592,2021,Randomized Controlled Trial;Journal Article,excluded,BURNOUT,Outcomes were loneliness and sleep
P462,Europe PMC (delivery-term search 1),Death Cafes for Prevention of Burnout in Intensive Care Unit Employees: Study Protocol for a Randomized Controlled Trial (STOPTHEBURN),10.21203/rs.3.rs-28956/v1,,2020,Preprint,excluded at screening,,protocol
P463,Europe PMC (delivery-term search 1),Evaluation of a Yoga-Based Mind-Body Intervention for Resident Physicians: A Randomized Clinical Trial.,10.1177/21649561211001038,33786209,2021,research-article;Journal Article,excluded,DIGITAL,In-person yoga-based programme; virtual delivery only proposed
P464,Europe PMC (delivery-term search 1),Comparing two types of perspective taking as strategies for detecting distress amongst parents of children with cancer: A randomised trial.,10.1371/journal.pone.0175342,28384315,2017,research-article;Randomized Controlled Trial;Journal Article,excluded,BURNOUT,Outcomes were accuracy of identifying parents' feelings and clinician distress
P465,Europe PMC (delivery-term search 1),Toward fostering resilience on a large scale: Connecting communities of caregivers.,10.1017/s0954579419001251,31718737,2019,"Research Support, Non-U.S. Gov't;Journal Article",excluded,POP,Mothers at risk of stress in a community programme
P466,Europe PMC (delivery-term search 1),Caring Near and Far by Connecting Community-Based Clients and Family Member/Friend Caregivers Using Passive Remote Monitoring: Protocol for a Pragmatic Randomized Controlled Trial.,10.2196/15027,31922492,2020,research-article;Journal Article,excluded at screening,,protocol
P467,Europe PMC (delivery-term search 2),"A clinical trial of cognitive behavioral interventions for social media addiction, psychological problems, quality of family relationships and academic performance among university students.",10.1007/s44192-026-00430-7,42090028,2026,research-article;Journal Article,excluded,POP,University students
P468,Europe PMC (delivery-term search 2),"Prevalence of Anxiety, Depression, and Stress Among University Students: An Analysis of Management and Self-Care Programs",10.20944/preprints202609.2268.v1,,2026,Preprint,excluded at screening,,Reviewer: Survey of university students
P469,Europe PMC (delivery-term search 2),"Metabolic and Psychological Effects of Mylife CamAPS FX Hybrid Closed-Loop Therapy in Adults With Type 1 Diabetes, Markedly Elevated HbA1c, and Psychological Vulnerability: The Hi-Loop Randomised Clinical Trial.",10.1111/dom.71339,42755121,2026,Journal Article,excluded,POP,Adults with type 1 diabetes
P470,Europe PMC (delivery-term search 2),Impact of AI-Generated Feedback on Dental Student Performance in Preclinical Prosthodontics Education.,10.1002/jdd.70304,42348423,2026,Journal Article,excluded,POP,Dental students
P471,Europe PMC (delivery-term search 2),Yoga therapy for mental resilience in technology-driven occupational settings: A qualitative systematic review and thematic synthesis.,10.1016/j.jaim.2026.101394,42748566,2026,review-article;Review;Journal Article,excluded at screening,,non-article publication type or review
P472,Europe PMC (delivery-term search 2),A Pilot Randomized Controlled Clinical Trial to Improve Adherence Barriers for Adolescents with Type 1 Diabetes.,10.1016/j.jpeds.2026.115155,42176729,2026,Randomized Controlled Trial;Journal Article,excluded,POP,Adolescents with type 1 diabetes
P473,Europe PMC (delivery-term search 2),HELLO: a protocol for a cluster randomized controlled trial to enhance interpersonal relationships and team cohesion among ICU healthcare professionals.,10.1186/s40635-024-00677-w,39373831,2024,research-article;Journal Article,excluded at screening,,protocol
P474,Europe PMC (delivery-term search 2),Burnout and depression in first-year medical students across the academic year in the United States.,10.1007/s44192-025-00175-9,40167940,2025,research-article;Journal Article,excluded at screening,,Reviewer: Observational study of students
P475,Europe PMC (delivery-term search 2),Implementation and evaluation of the 3 Wishes Project in safety-net hospitals: Protocol for a hybrid effectiveness-implementation study.,10.1371/journal.pone.0320843,40315279,2025,Clinical Trial Protocol;research-article;Journal Article,excluded at screening,,protocol
P476,Europe PMC (delivery-term search 2),Bridging the Gap in Humanizing Oncology: A Pilot Study on the Feasibility and Acceptability of the CIPOMO School of Medical Humanities Training Protocol.,10.1007/s13187-026-02944-8,42455498,2026,Journal Article,excluded at screening,,protocol
P477,Europe PMC (delivery-term search 2),The effect of hospital preparatory education on parents: A randomised controlled trial.,10.1016/j.pedn.2025.03.005,40056886,2025,Randomized Controlled Trial;Journal Article,excluded,POP,Parents of hospitalised children
P478,Europe PMC (delivery-term search 2),"""Academia Is a Very Unforgiving Space"": A Qualitative Study of Challenges Faced by Under-represented Scholars in Biomedical Research.",10.1007/s11606-026-10366-x,41942825,2026,research-article;Journal Article,excluded at screening,,Reviewer: Qualitative study
P479,Europe PMC (delivery-term search 2),Effectiveness of a Parent-Child Interaction Therapy-Based Trauma-Focused Interaction Module for Trauma-Exposed Children: A Pilot Randomized Controlled Trial.,10.1002/cpp.70263,41964379,2026,research-article;Randomized Controlled Trial;Journal Article,excluded,POP,Trauma-exposed children and their parents
P480,Europe PMC (delivery-term search 2),Efficacy of 20 min yoga module for reducing burnout among healthcare workers: protocol of randomised control trial and results of pilot study.,10.1136/bmjsem-2025-002637,40487414,2025,research-article;Journal Article,excluded at screening,,protocol
P481,Europe PMC (delivery-term search 2),A hybrid effectiveness implementation trial testing an HIV and STI prevention program for mother figures and their adolescent girls and young women delivered by peer leaders: ZAIMARA study protocol.,10.1186/s12889-025-24332-5,41029332,2025,Clinical Trial Protocol;research-article;Journal Article,excluded at screening,,protocol
P482,Europe PMC (delivery-term search 2),Mental Health and Occupational Stress in the Emergency Medical Services and 911 Workforces,,40359290,2025,Review,excluded at screening,,non-article publication type or review
P483,Europe PMC (delivery-term search 2),Mental Health and Occupational Stress Among Emergency Telecommunicators: A Systematic Review and Meta-Analysis.,10.1080/10903127.2025.2465715,39937122,2026,Meta-Analysis;Systematic Review;Journal Article,excluded at screening,,non-article publication type or review
P484,Europe PMC (delivery-term search 2),"Collective leadership to improve professional practice, healthcare outcomes and staff well-being.",10.1002/14651858.cd013850.pub2,36214207,2022,Meta-Analysis;Systematic Review;systematic-review;Journal Article,excluded at screening,,non-article publication type or review
P485,Europe PMC (delivery-term search 2),Stress and Burnout Related to Electronic Health Record Use among Healthcare Providers during the COVID-19 Pandemic in Saudi Arabia: A Preliminary National Randomized Survey.,10.3390/healthcare9101367,34683047,2021,research-article;Journal Article,excluded at screening,,Reviewer: Survey study
P486,Europe PMC (delivery-term search 2),Teacher Training Can Make a Difference: Tools to Overcome the Impact of COVID-19 on Primary Schools. An Experimental Study.,10.3390/ijerph17228633,33233750,2020,"Research Support, Non-U.S. Gov't;research-article;Journal Article",excluded,DIGITAL,Teacher-training programme; digital delivery not described
P487,Europe PMC (delivery-term search 2),Investigation of burnout syndrome among electrical and building technology undergraduate students in Nigeria.,10.1097/md.0000000000017581,31626127,2019,research-article;Multicenter Study;Randomized Controlled Trial;Journal Article,excluded at screening,,Reviewer: Cross-sectional study of students
P488,Europe PMC (delivery-term search 2),Feasibility of Using Communication Coaching to Teach Palliative Care Clinicians Motivational Interviewing.,10.1016/j.jpainsymman.2019.11.010,31765759,2020,"Research Support, Non-U.S. Gov't;Randomized Controlled Trial;Journal Article",excluded,BURNOUT,Outcomes were motivational-interviewing behaviours
P489,Europe PMC (delivery-term search 2),Improvement of the management of mental well-being and empathy in Chinese medical students: a randomized controlled study.,10.1186/s12909-021-02813-6,34246265,2021,research-article;Randomized Controlled Trial;Journal Article,excluded,POP,Medical students
P490,Europe PMC (delivery-term search 2),Using brief reflections to capture and evaluate end-user engagement: a case example using the COMPASS study.,10.1186/s12874-024-02222-5,38698315,2024,"research-article;Randomized Controlled Trial;Research Support, U.S. Gov't, Non-P.H.S.;Journal Article",excluded at screening,,Reviewer: Methods paper on participant engagement
P491,Europe PMC (delivery-term search 2),A workplace organisational intervention to improve hospital nurses' and physicians' mental health: study protocol for the Magnet4Europe wait list cluster randomised controlled trial.,10.1136/bmjopen-2021-059159,35902190,2022,"Clinical Trial Protocol;Research Support, Non-U.S. Gov't;research-article;Journal Article",excluded at screening,,protocol
P492,Europe PMC (delivery-term search 2),Year 3 follow-up of the 'Quality Preschool for Ghana' interventions on child development.,10.1037/dev0000843,31657587,2019,Randomized Controlled Trial;Journal Article,excluded at screening,,no digital delivery wording
P493,Europe PMC (delivery-term search 2),Evaluation of a Pre-clinic Diabetes Assessment and Mapped Care Planning Intervention: a Multi-Centre Randomised Controlled Trial,10.21203/rs.3.rs-1030575/v1,,2022,Preprint,excluded,POP,Patients with diabetes
P494,Europe PMC (delivery-term search 2),"Protocol paper: multi-Centre randomised controlled trial evaluating a pre-clinic diabetes assessment and mapped care planning intervention amongst adults with type 1, type 2 or pre-diabetes.",10.1186/s13063-022-06475-7,35725626,2022,Clinical Trial Protocol;research-article;Journal Article,excluded at screening,,protocol
P495,Europe PMC (delivery-term search 2),A Pilot Study Examining Biofeedback and Structured Napping to Promote Medical Student Wellbeing,10.15694/mep.2019.000110.1,,2019,Preprint,excluded,POP,Medical students
P496,Europe PMC (delivery-term search 2),Tiny Habits<sup>®</sup> for Gratitude-Implications for Healthcare Education Stakeholders.,10.3389/fpubh.2022.866992,35651860,2022,research-article;Randomized Controlled Trial;Journal Article,excluded,POP,Health professionals and students in an uncontrolled gratitude pilot; burnout not an outcome
P497,Europe PMC (delivery-term search 2),Leveraging Motivational Interviewing to Coach Teachers in the Implementation of Preventive Evidence-Based Practices: A Sequential Analysis of the Motivational Interviewing Process.,10.1007/s11121-021-01238-3,33866489,2021,"Research Support, Non-U.S. Gov't;Journal Article",excluded,REPORT,Secondary sequential analysis of coaching sessions; no randomized comparison of burnout
P498,Europe PMC (delivery-term search 2),Effect of Transitional Care Model-Based Interventions for Patients with Stroke and Their Caregivers on Increasing Caregiver Competence and Patient Outcomes: A Study Protocol for a Randomized Controlled Trial.,10.5152/fnjn.2021.19214,34263236,2021,research-article;Journal Article,excluded at screening,,protocol
P499,Europe PMC (delivery-term search 2),The impact of mindfulness-based interventions on doctors' well-being and performance: A systematic review.,10.1111/medu.14020,31868262,2020,Systematic Review;review-article;Journal Article,excluded at screening,,non-article publication type or review
P500,Europe PMC (delivery-term search 2),A mindfulness-based stress management program and treatment with omega-3 fatty acids to maintain a healthy mental state in hospital nurses (Happy Nurse Project): study protocol for a randomized controlled trial.,10.1186/s13063-015-0554-z,25636180,2015,"Research Support, Non-U.S. Gov't;research-article;Multicenter Study;Randomized Controlled Trial;Journal Article",excluded at screening,,protocol
P501,Europe PMC (delivery-term search 2),The effects of a workplace intervention on employees' cortisol awakening response.,10.1080/13668803.2018.1428172,30078991,2018,research-article;Journal Article,excluded,DIGITAL,Workplace work-family intervention; no digital delivery
P502,Europe PMC (delivery-term search 2),Closed loop insulin delivery in diabetes.,10.1016/j.beem.2015.03.001,26051293,2015,"Research Support, Non-U.S. Gov't;Review;Journal Article",excluded at screening,,non-article publication type or review
P503,Europe PMC (delivery-term search 2),Protocol for a randomised trial of an interprofessional team-delivered intervention to support surrogate decision-makers in ICUs.,10.1136/bmjopen-2019-033521,32229520,2020,"Clinical Trial Protocol;research-article;Journal Article;Research Support, N.I.H., Extramural",excluded at screening,,protocol
P504,Europe PMC (delivery-term search 2),Therapy of the burnout syndrome.,10.3205/hta000103,22984372,2012,brief-report;Journal Article,excluded at screening,,Reviewer: Health-technology-assessment report
P505,Europe PMC (delivery-term search 2),Effectiveness of a preventive coaching intervention for employees at risk for sickness absence due to psychosocial health complaints: results of a randomized controlled trial.,10.1097/jom.0b013e3181651584,18617832,2008,"Research Support, Non-U.S. Gov't;Randomized Controlled Trial;Journal Article",excluded at screening,,no digital delivery wording
P506,Europe PMC (delivery-term search 2),A randomised trial of a psychosocial intervention for cancer patients integrated into routine care: the PROMPT study (promoting optimal outcomes in mood through tailored psychosocial therapies).,10.1186/1471-2407-11-48,21284838,2011,"Research Support, Non-U.S. Gov't;research-article;Randomized Controlled Trial;Journal Article",excluded,POP,Cancer patients
